country_region_code;country_region;sub_region_1;sub_region_2;metro_area;iso_3166_2_code;census_fips_code;place_id;date;retail_and_recreation_percent_change_from_baseline;grocery_and_pharmacy_percent_change_from_baseline;parks_percent_change_from_baseline;transit_stations_percent_change_from_baseline;workplaces_percent_change_from_baseline;residential_percent_change_from_baseline
CH;Switzerland;;;;;;ChIJYW1Zb-9kjEcRFXvLDxG1Vlw;15.02.2020;-1;-1;31;6;-2;-1
CH;Switzerland;;;;;;ChIJYW1Zb-9kjEcRFXvLDxG1Vlw;16.02.2020;10;12;30;8;-2;-1
CH;Switzerland;;;;;;ChIJYW1Zb-9kjEcRFXvLDxG1Vlw;17.02.2020;-3;-4;-3;-2;-1;1
CH;Switzerland;;;;;;ChIJYW1Zb-9kjEcRFXvLDxG1Vlw;18.02.2020;3;1;34;3;-2;1
CH;Switzerland;;;;;;ChIJYW1Zb-9kjEcRFXvLDxG1Vlw;19.02.2020;-4;-4;-11;-4;-3;1
CH;Switzerland;;;;;;ChIJYW1Zb-9kjEcRFXvLDxG1Vlw;20.02.2020;2;-1;46;5;-5;0
CH;Switzerland;;;;;;ChIJYW1Zb-9kjEcRFXvLDxG1Vlw;21.02.2020;-1;-1;26;1;-6;1
CH;Switzerland;;;;;;ChIJYW1Zb-9kjEcRFXvLDxG1Vlw;22.02.2020;1;0;57;14;-1;-2
CH;Switzerland;;;;;;ChIJYW1Zb-9kjEcRFXvLDxG1Vlw;23.02.2020;14;18;27;13;0;-1
CH;Switzerland;;;;;;ChIJYW1Zb-9kjEcRFXvLDxG1Vlw;24.02.2020;6;3;74;7;-3;0
CH;Switzerland;;;;;;ChIJYW1Zb-9kjEcRFXvLDxG1Vlw;25.02.2020;4;6;17;3;-4;1
CH;Switzerland;;;;;;ChIJYW1Zb-9kjEcRFXvLDxG1Vlw;26.02.2020;-5;0;-20;-5;-4;2
CH;Switzerland;;;;;;ChIJYW1Zb-9kjEcRFXvLDxG1Vlw;27.02.2020;-5;1;-22;-5;-5;2
CH;Switzerland;;;;;;ChIJYW1Zb-9kjEcRFXvLDxG1Vlw;28.02.2020;-1;8;16;-1;-4;2
CH;Switzerland;;;;;;ChIJYW1Zb-9kjEcRFXvLDxG1Vlw;29.02.2020;-6;4;-14;-7;-2;2
CH;Switzerland;;;;;;ChIJYW1Zb-9kjEcRFXvLDxG1Vlw;01.03.2020;3;8;29;2;-1;1
CH;Switzerland;;;;;;ChIJYW1Zb-9kjEcRFXvLDxG1Vlw;02.03.2020;-7;-1;-24;-7;-1;3
CH;Switzerland;;;;;;ChIJYW1Zb-9kjEcRFXvLDxG1Vlw;03.03.2020;-1;4;7;-3;0;2
CH;Switzerland;;;;;;ChIJYW1Zb-9kjEcRFXvLDxG1Vlw;04.03.2020;-3;1;8;-2;-1;1
CH;Switzerland;;;;;;ChIJYW1Zb-9kjEcRFXvLDxG1Vlw;05.03.2020;-11;-4;-36;-11;-2;3
CH;Switzerland;;;;;;ChIJYW1Zb-9kjEcRFXvLDxG1Vlw;06.03.2020;-6;1;-12;-8;-2;3
CH;Switzerland;;;;;;ChIJYW1Zb-9kjEcRFXvLDxG1Vlw;07.03.2020;-4;2;-3;-9;-2;3
CH;Switzerland;;;;;;ChIJYW1Zb-9kjEcRFXvLDxG1Vlw;08.03.2020;6;7;47;3;-3;0
CH;Switzerland;;;;;;ChIJYW1Zb-9kjEcRFXvLDxG1Vlw;09.03.2020;-8;-1;-17;-8;0;3
CH;Switzerland;;;;;;ChIJYW1Zb-9kjEcRFXvLDxG1Vlw;10.03.2020;-10;-1;-26;-10;-1;4
CH;Switzerland;;;;;;ChIJYW1Zb-9kjEcRFXvLDxG1Vlw;11.03.2020;-7;2;10;-6;-2;3
CH;Switzerland;;;;;;ChIJYW1Zb-9kjEcRFXvLDxG1Vlw;12.03.2020;-11;8;-1;-11;-4;4
CH;Switzerland;;;;;;ChIJYW1Zb-9kjEcRFXvLDxG1Vlw;13.03.2020;-13;24;1;-15;-6;5
CH;Switzerland;;;;;;ChIJYW1Zb-9kjEcRFXvLDxG1Vlw;14.03.2020;-25;12;-6;-26;-7;8
CH;Switzerland;;;;;;ChIJYW1Zb-9kjEcRFXvLDxG1Vlw;15.03.2020;-27;2;66;-16;-13;5
CH;Switzerland;;;;;;ChIJYW1Zb-9kjEcRFXvLDxG1Vlw;16.03.2020;-17;24;14;-30;-20;10
CH;Switzerland;;;;;;ChIJYW1Zb-9kjEcRFXvLDxG1Vlw;17.03.2020;-57;1;21;-42;-33;17
CH;Switzerland;;;;;;ChIJYW1Zb-9kjEcRFXvLDxG1Vlw;18.03.2020;-62;-4;22;-45;-38;18
CH;Switzerland;;;;;;ChIJYW1Zb-9kjEcRFXvLDxG1Vlw;19.03.2020;-65;-10;19;-51;-46;21
CH;Switzerland;;;;;;ChIJYW1Zb-9kjEcRFXvLDxG1Vlw;20.03.2020;-67;-4;-11;-56;-45;24
CH;Switzerland;;;;;;ChIJYW1Zb-9kjEcRFXvLDxG1Vlw;21.03.2020;-78;-26;-29;-62;-43;19
CH;Switzerland;;;;;;ChIJYW1Zb-9kjEcRFXvLDxG1Vlw;22.03.2020;-82;-49;-40;-66;-45;15
CH;Switzerland;;;;;;ChIJYW1Zb-9kjEcRFXvLDxG1Vlw;23.03.2020;-68;-20;-19;-59;-46;22
CH;Switzerland;;;;;;ChIJYW1Zb-9kjEcRFXvLDxG1Vlw;24.03.2020;-69;-19;-5;-58;-49;24
CH;Switzerland;;;;;;ChIJYW1Zb-9kjEcRFXvLDxG1Vlw;25.03.2020;-70;-19;-20;-59;-49;23
CH;Switzerland;;;;;;ChIJYW1Zb-9kjEcRFXvLDxG1Vlw;26.03.2020;-70;-18;-23;-61;-50;24
CH;Switzerland;;;;;;ChIJYW1Zb-9kjEcRFXvLDxG1Vlw;27.03.2020;-69;-13;-3;-58;-49;26
CH;Switzerland;;;;;;ChIJYW1Zb-9kjEcRFXvLDxG1Vlw;28.03.2020;-73;-19;18;-53;-43;17
CH;Switzerland;;;;;;ChIJYW1Zb-9kjEcRFXvLDxG1Vlw;29.03.2020;-81;-51;-41;-68;-46;15
CH;Switzerland;;;;;;ChIJYW1Zb-9kjEcRFXvLDxG1Vlw;30.03.2020;-71;-22;-46;-62;-48;23
CH;Switzerland;;;;;;ChIJYW1Zb-9kjEcRFXvLDxG1Vlw;31.03.2020;-84;-2;1;-53;-49;23
CH;Switzerland;;;;;;ChIJYW1Zb-9kjEcRFXvLDxG1Vlw;01.04.2020;-84;-5;7;-52;-48;22
CH;Switzerland;;;;;;ChIJYW1Zb-9kjEcRFXvLDxG1Vlw;02.04.2020;-84;-3;8;-53;-50;23
CH;Switzerland;;;;;;ChIJYW1Zb-9kjEcRFXvLDxG1Vlw;03.04.2020;-79;2;8;-54;-48;25
CH;Switzerland;;;;;;ChIJYW1Zb-9kjEcRFXvLDxG1Vlw;04.04.2020;-82;-5;15;-51;-42;17
CH;Switzerland;;;;;;ChIJYW1Zb-9kjEcRFXvLDxG1Vlw;05.04.2020;-76;-25;42;-48;-42;12
CH;Switzerland;;;;;;ChIJYW1Zb-9kjEcRFXvLDxG1Vlw;06.04.2020;-76;-5;21;-51;-47;21
CH;Switzerland;;;;;;ChIJYW1Zb-9kjEcRFXvLDxG1Vlw;07.04.2020;-72;1;42;-50;-48;21
CH;Switzerland;;;;;;ChIJYW1Zb-9kjEcRFXvLDxG1Vlw;08.04.2020;-72;9;26;-51;-48;20
CH;Switzerland;;;;;;ChIJYW1Zb-9kjEcRFXvLDxG1Vlw;09.04.2020;-70;25;22;-50;-50;21
CH;Switzerland;;;;;;ChIJYW1Zb-9kjEcRFXvLDxG1Vlw;10.04.2020;-87;-75;75;-61;-85;34
CH;Switzerland;;;;;;ChIJYW1Zb-9kjEcRFXvLDxG1Vlw;11.04.2020;-77;11;27;-47;-41;15
CH;Switzerland;;;;;;ChIJYW1Zb-9kjEcRFXvLDxG1Vlw;12.04.2020;-78;-30;33;-49;-39;11
CH;Switzerland;;;;;;ChIJYW1Zb-9kjEcRFXvLDxG1Vlw;13.04.2020;-86;-80;83;-61;-85;30
CH;Switzerland;;;;;;ChIJYW1Zb-9kjEcRFXvLDxG1Vlw;14.04.2020;-73;-4;11;-52;-47;21
CH;Switzerland;;;;;;ChIJYW1Zb-9kjEcRFXvLDxG1Vlw;15.04.2020;-74;-14;30;-49;-46;20
CH;Switzerland;;;;;;ChIJYW1Zb-9kjEcRFXvLDxG1Vlw;16.04.2020;-72;-14;30;-51;-47;21
CH;Switzerland;;;;;;ChIJYW1Zb-9kjEcRFXvLDxG1Vlw;17.04.2020;-72;-10;39;-50;-46;22
CH;Switzerland;;;;;;ChIJYW1Zb-9kjEcRFXvLDxG1Vlw;18.04.2020;-76;-14;33;-46;-36;15
CH;Switzerland;;;;;;ChIJYW1Zb-9kjEcRFXvLDxG1Vlw;19.04.2020;-74;-21;36;-46;-36;11
CH;Switzerland;;;;;;ChIJYW1Zb-9kjEcRFXvLDxG1Vlw;20.04.2020;-70;-21;15;-51;-43;20
CH;Switzerland;;;;;;ChIJYW1Zb-9kjEcRFXvLDxG1Vlw;21.04.2020;-71;-15;17;-50;-43;20
CH;Switzerland;;;;;;ChIJYW1Zb-9kjEcRFXvLDxG1Vlw;22.04.2020;-70;-16;46;-46;-42;19
CH;Switzerland;;;;;;ChIJYW1Zb-9kjEcRFXvLDxG1Vlw;23.04.2020;-70;-12;44;-47;-43;19
CH;Switzerland;;;;;;ChIJYW1Zb-9kjEcRFXvLDxG1Vlw;24.04.2020;-70;-4;40;-46;-42;21
CH;Switzerland;;;;;;ChIJYW1Zb-9kjEcRFXvLDxG1Vlw;25.04.2020;-74;-10;27;-44;-34;14
CH;Switzerland;;;;;;ChIJYW1Zb-9kjEcRFXvLDxG1Vlw;26.04.2020;-73;-20;19;-47;-34;11
CH;Switzerland;;;;;;ChIJYW1Zb-9kjEcRFXvLDxG1Vlw;27.04.2020;-59;-7;29;-40;-37;16
CH;Switzerland;;;;;;ChIJYW1Zb-9kjEcRFXvLDxG1Vlw;28.04.2020;-64;-7;-25;-47;-39;18
CH;Switzerland;;;;;;ChIJYW1Zb-9kjEcRFXvLDxG1Vlw;29.04.2020;-64;-6;-4;-43;-38;18
CH;Switzerland;;;;;;ChIJYW1Zb-9kjEcRFXvLDxG1Vlw;30.04.2020;-62;-1;-42;-49;-40;19
CH;Switzerland;;;;;;ChIJYW1Zb-9kjEcRFXvLDxG1Vlw;01.05.2020;-71;-30;-25;-56;-57;27
CH;Switzerland;;;;;;ChIJYW1Zb-9kjEcRFXvLDxG1Vlw;02.05.2020;-66;-2;-34;-48;-31;15
CH;Switzerland;;;;;;ChIJYW1Zb-9kjEcRFXvLDxG1Vlw;03.05.2020;-68;;41;-38;-30;9
CH;Switzerland;;;;;;ChIJYW1Zb-9kjEcRFXvLDxG1Vlw;04.05.2020;-55;-9;42;-38;-35;15
CH;Switzerland;;;;;;ChIJYW1Zb-9kjEcRFXvLDxG1Vlw;05.05.2020;-60;-8;-19;-46;-36;18
CH;Switzerland;;;;;;ChIJYW1Zb-9kjEcRFXvLDxG1Vlw;06.05.2020;-59;-5;19;-39;-35;16
CH;Switzerland;;;;;;ChIJYW1Zb-9kjEcRFXvLDxG1Vlw;07.05.2020;-53;-2;56;-38;-36;15
CH;Switzerland;;;;;;ChIJYW1Zb-9kjEcRFXvLDxG1Vlw;08.05.2020;-54;2;58;-38;-34;16
CH;Switzerland;;;;;;ChIJYW1Zb-9kjEcRFXvLDxG1Vlw;09.05.2020;-56;2;67;-32;-21;9
CH;Switzerland;;;;;;ChIJYW1Zb-9kjEcRFXvLDxG1Vlw;10.05.2020;-61;-9;43;-33;-19;7
CH;Switzerland;;;;;;ChIJYW1Zb-9kjEcRFXvLDxG1Vlw;11.05.2020;-35;-6;-29;-38;-27;14
CH;Switzerland;;;;;;ChIJYW1Zb-9kjEcRFXvLDxG1Vlw;12.05.2020;-33;1;3;-33;-27;14
CH;Switzerland;;;;;;ChIJYW1Zb-9kjEcRFXvLDxG1Vlw;13.05.2020;-39;-5;-31;-38;-28;14
CH;Switzerland;;;;;;ChIJYW1Zb-9kjEcRFXvLDxG1Vlw;14.05.2020;-36;1;-15;-36;-29;13
CH;Switzerland;;;;;;ChIJYW1Zb-9kjEcRFXvLDxG1Vlw;15.05.2020;-35;2;-11;-35;-27;14
CH;Switzerland;;;;;;ChIJYW1Zb-9kjEcRFXvLDxG1Vlw;16.05.2020;-33;2;27;-27;-12;9
CH;Switzerland;;;;;;ChIJYW1Zb-9kjEcRFXvLDxG1Vlw;17.05.2020;-37;-1;100;-21;-14;5
CH;Switzerland;;;;;;ChIJYW1Zb-9kjEcRFXvLDxG1Vlw;18.05.2020;-26;0;56;-28;-25;11
CH;Switzerland;;;;;;ChIJYW1Zb-9kjEcRFXvLDxG1Vlw;19.05.2020;-25;8;69;-25;-26;11
CH;Switzerland;;;;;;ChIJYW1Zb-9kjEcRFXvLDxG1Vlw;20.05.2020;-16;25;13;-21;-27;8
CH;Switzerland;;;;;;ChIJYW1Zb-9kjEcRFXvLDxG1Vlw;21.05.2020;-58;-71;145;-31;-81;20
CH;Switzerland;;;;;;ChIJYW1Zb-9kjEcRFXvLDxG1Vlw;22.05.2020;-18;18;54;-29;-53;15
CH;Switzerland;;;;;;ChIJYW1Zb-9kjEcRFXvLDxG1Vlw;23.05.2020;-35;-6;-39;-40;-15;11
CH;Switzerland;;;;;;ChIJYW1Zb-9kjEcRFXvLDxG1Vlw;24.05.2020;-32;-4;32;-18;-10;4
CH;Switzerland;;;;;;ChIJYW1Zb-9kjEcRFXvLDxG1Vlw;25.05.2020;-17;3;-3;-26;-25;10
CH;Switzerland;;;;;;ChIJYW1Zb-9kjEcRFXvLDxG1Vlw;26.05.2020;-17;6;10;-23;-24;10
CH;Switzerland;;;;;;ChIJYW1Zb-9kjEcRFXvLDxG1Vlw;27.05.2020;-19;4;9;-22;-24;9
CH;Switzerland;;;;;;ChIJYW1Zb-9kjEcRFXvLDxG1Vlw;28.05.2020;-20;8;-5;-25;-25;10
CH;Switzerland;;;;;;ChIJYW1Zb-9kjEcRFXvLDxG1Vlw;29.05.2020;-19;12;8;-23;-24;9
CH;Switzerland;;;;;;ChIJYW1Zb-9kjEcRFXvLDxG1Vlw;30.05.2020;-20;10;21;-16;-2;4
CH;Switzerland;;;;;;ChIJYW1Zb-9kjEcRFXvLDxG1Vlw;31.05.2020;-19;14;82;-3;-4;1
CH;Switzerland;;;;;;ChIJYW1Zb-9kjEcRFXvLDxG1Vlw;01.06.2020;-48;-65;145;-29;-77;17
CH;Switzerland;;;;;;ChIJYW1Zb-9kjEcRFXvLDxG1Vlw;02.06.2020;-15;17;18;-19;-21;7
CH;Switzerland;;;;;;ChIJYW1Zb-9kjEcRFXvLDxG1Vlw;03.06.2020;-21;5;-12;-23;-22;9
CH;Switzerland;;;;;;ChIJYW1Zb-9kjEcRFXvLDxG1Vlw;04.06.2020;-24;2;-51;-32;-23;11
CH;Switzerland;;;;;;ChIJYW1Zb-9kjEcRFXvLDxG1Vlw;05.06.2020;-20;5;-25;-29;-21;11
CH;Switzerland;;;;;;ChIJYW1Zb-9kjEcRFXvLDxG1Vlw;06.06.2020;-17;3;-21;-27;-3;6
CH;Switzerland;;;;;;ChIJYW1Zb-9kjEcRFXvLDxG1Vlw;07.06.2020;-42;-21;-41;-40;-11;8
CH;Switzerland;;;;;;ChIJYW1Zb-9kjEcRFXvLDxG1Vlw;08.06.2020;-16;-2;-12;-24;-19;8
CH;Switzerland;;;;;;ChIJYW1Zb-9kjEcRFXvLDxG1Vlw;09.06.2020;-16;1;-15;-24;-21;9
CH;Switzerland;;;;;;ChIJYW1Zb-9kjEcRFXvLDxG1Vlw;10.06.2020;-15;4;-23;-24;-21;8
CH;Switzerland;;;;;;ChIJYW1Zb-9kjEcRFXvLDxG1Vlw;11.06.2020;-21;-14;24;-25;-37;11
CH;Switzerland;;;;;;ChIJYW1Zb-9kjEcRFXvLDxG1Vlw;12.06.2020;-13;6;71;-17;-26;7
CH;Switzerland;;;;;;ChIJYW1Zb-9kjEcRFXvLDxG1Vlw;13.06.2020;-20;0;14;-22;-3;5
CH;Switzerland;;;;;;ChIJYW1Zb-9kjEcRFXvLDxG1Vlw;14.06.2020;-31;-12;-12;-32;-5;5
CH;Switzerland;;;;;;ChIJYW1Zb-9kjEcRFXvLDxG1Vlw;15.06.2020;-14;-1;9;-21;-19;7
CH;Switzerland;;;;;;ChIJYW1Zb-9kjEcRFXvLDxG1Vlw;16.06.2020;-12;2;29;-17;-19;6
CH;Switzerland;;;;;;ChIJYW1Zb-9kjEcRFXvLDxG1Vlw;17.06.2020;-17;-2;-18;-23;-21;8
CH;Switzerland;;;;;;ChIJYW1Zb-9kjEcRFXvLDxG1Vlw;18.06.2020;-15;0;12;-20;-21;6
CH;Switzerland;;;;;;ChIJYW1Zb-9kjEcRFXvLDxG1Vlw;19.06.2020;-15;1;14;-21;-21;6
CH;Switzerland;;;;;;ChIJYW1Zb-9kjEcRFXvLDxG1Vlw;20.06.2020;-16;-2;49;-13;-1;1
CH;Switzerland;;;;;;ChIJYW1Zb-9kjEcRFXvLDxG1Vlw;21.06.2020;-13;4;79;-8;-1;-1
CH;Switzerland;;;;;;ChIJYW1Zb-9kjEcRFXvLDxG1Vlw;22.06.2020;-12;-1;52;-17;-21;5
CH;Switzerland;;;;;;ChIJYW1Zb-9kjEcRFXvLDxG1Vlw;23.06.2020;-10;1;95;-11;-22;4
CH;Switzerland;;;;;;ChIJYW1Zb-9kjEcRFXvLDxG1Vlw;24.06.2020;-12;1;78;-12;-20;3
CH;Switzerland;;;;;;ChIJYW1Zb-9kjEcRFXvLDxG1Vlw;25.06.2020;-9;7;67;-12;-20;3
CH;Switzerland;;;;;;ChIJYW1Zb-9kjEcRFXvLDxG1Vlw;26.06.2020;-11;6;50;-14;-20;4
CH;Switzerland;;;;;;ChIJYW1Zb-9kjEcRFXvLDxG1Vlw;27.06.2020;-13;1;63;-8;-2;-1
CH;Switzerland;;;;;;ChIJYW1Zb-9kjEcRFXvLDxG1Vlw;28.06.2020;-17;-1;41;-14;-1;1
CH;Switzerland;;;;;;ChIJYW1Zb-9kjEcRFXvLDxG1Vlw;29.06.2020;-8;1;30;-17;-20;5
CH;Switzerland;;;;;;ChIJYW1Zb-9kjEcRFXvLDxG1Vlw;30.06.2020;-3;5;112;-8;-18;3
CH;Switzerland;;;;;;ChIJYW1Zb-9kjEcRFXvLDxG1Vlw;01.07.2020;-9;3;55;-13;-18;3
CH;Switzerland;;;;;;ChIJYW1Zb-9kjEcRFXvLDxG1Vlw;02.07.2020;-8;6;30;-16;-19;5
CH;Switzerland;;;;;;ChIJYW1Zb-9kjEcRFXvLDxG1Vlw;03.07.2020;-8;6;45;-15;-20;5
CH;Switzerland;;;;;;ChIJYW1Zb-9kjEcRFXvLDxG1Vlw;04.07.2020;-14;0;96;-6;-2;-1
CH;Switzerland;;;;;;ChIJYW1Zb-9kjEcRFXvLDxG1Vlw;05.07.2020;-8;11;124;0;-2;-3
CH;Switzerland;;;;;;ChIJYW1Zb-9kjEcRFXvLDxG1Vlw;06.07.2020;-5;2;69;-17;-24;5
CH;Switzerland;;;;;;ChIJYW1Zb-9kjEcRFXvLDxG1Vlw;07.07.2020;-3;6;128;-10;-24;3
CH;Switzerland;;;;;;ChIJYW1Zb-9kjEcRFXvLDxG1Vlw;08.07.2020;-9;0;112;-12;-23;2
CH;Switzerland;;;;;;ChIJYW1Zb-9kjEcRFXvLDxG1Vlw;09.07.2020;-10;3;107;-14;-25;3
CH;Switzerland;;;;;;ChIJYW1Zb-9kjEcRFXvLDxG1Vlw;10.07.2020;-14;1;74;-18;-26;5
CH;Switzerland;;;;;;ChIJYW1Zb-9kjEcRFXvLDxG1Vlw;11.07.2020;-15;-1;52;-17;-6;1
CH;Switzerland;;;;;;ChIJYW1Zb-9kjEcRFXvLDxG1Vlw;12.07.2020;-6;13;132;0;-3;-3
CH;Switzerland;;;;;;ChIJYW1Zb-9kjEcRFXvLDxG1Vlw;13.07.2020;-6;1;123;-15;-28;4
CH;Switzerland;;;;;;ChIJYW1Zb-9kjEcRFXvLDxG1Vlw;14.07.2020;-6;1;146;-13;-29;4
CH;Switzerland;;;;;;ChIJYW1Zb-9kjEcRFXvLDxG1Vlw;15.07.2020;-10;-2;44;-22;-27;6
CH;Switzerland;;;;;;ChIJYW1Zb-9kjEcRFXvLDxG1Vlw;16.07.2020;-9;0;48;-23;-29;6
CH;Switzerland;;;;;;ChIJYW1Zb-9kjEcRFXvLDxG1Vlw;17.07.2020;-12;-1;72;-21;-29;5
CH;Switzerland;;;;;;ChIJYW1Zb-9kjEcRFXvLDxG1Vlw;18.07.2020;-19;-6;117;-9;-6;-2
CH;Switzerland;;;;;;ChIJYW1Zb-9kjEcRFXvLDxG1Vlw;19.07.2020;-7;12;148;0;-4;-4
CH;Switzerland;;;;;;ChIJYW1Zb-9kjEcRFXvLDxG1Vlw;20.07.2020;-9;-2;168;-15;-33;3
CH;Switzerland;;;;;;ChIJYW1Zb-9kjEcRFXvLDxG1Vlw;21.07.2020;-7;0;135;-18;-34;5
CH;Switzerland;;;;;;ChIJYW1Zb-9kjEcRFXvLDxG1Vlw;22.07.2020;-11;-4;97;-20;-31;5
CH;Switzerland;;;;;;ChIJYW1Zb-9kjEcRFXvLDxG1Vlw;23.07.2020;-10;-2;126;-18;-33;4
CH;Switzerland;;;;;;ChIJYW1Zb-9kjEcRFXvLDxG1Vlw;24.07.2020;-11;0;67;-22;-34;6
CH;Switzerland;;;;;;ChIJYW1Zb-9kjEcRFXvLDxG1Vlw;25.07.2020;-18;-8;125;-8;-8;-3
CH;Switzerland;;;;;;ChIJYW1Zb-9kjEcRFXvLDxG1Vlw;26.07.2020;-9;10;107;-8;-5;-2
CH;Switzerland;;;;;;ChIJYW1Zb-9kjEcRFXvLDxG1Vlw;27.07.2020;-6;0;182;-15;-37;4
CH;Switzerland;;;;;;ChIJYW1Zb-9kjEcRFXvLDxG1Vlw;28.07.2020;-8;1;151;-18;-37;6
CH;Switzerland;;;;;;ChIJYW1Zb-9kjEcRFXvLDxG1Vlw;29.07.2020;-8;1;142;-17;-37;4
CH;Switzerland;;;;;;ChIJYW1Zb-9kjEcRFXvLDxG1Vlw;30.07.2020;-10;5;151;-18;-39;4
CH;Switzerland;;;;;;ChIJYW1Zb-9kjEcRFXvLDxG1Vlw;31.07.2020;-15;14;163;-18;-40;4
CH;Switzerland;;;;;;ChIJYW1Zb-9kjEcRFXvLDxG1Vlw;01.08.2020;-57;-70;138;-15;-34;0
CH;Switzerland;;;;;;ChIJYW1Zb-9kjEcRFXvLDxG1Vlw;02.08.2020;-21;7;37;-20;-10;1
CH;Switzerland;;;;;;ChIJYW1Zb-9kjEcRFXvLDxG1Vlw;03.08.2020;-4;6;28;-26;-37;8
CH;Switzerland;;;;;;ChIJYW1Zb-9kjEcRFXvLDxG1Vlw;04.08.2020;-3;3;85;-21;-37;7
CH;Switzerland;;;;;;ChIJYW1Zb-9kjEcRFXvLDxG1Vlw;05.08.2020;-7;-3;150;-14;-35;4
CH;Switzerland;;;;;;ChIJYW1Zb-9kjEcRFXvLDxG1Vlw;06.08.2020;-9;0;157;-15;-37;3
CH;Switzerland;;;;;;ChIJYW1Zb-9kjEcRFXvLDxG1Vlw;07.08.2020;-14;-3;167;-16;-36;3
CH;Switzerland;;;;;;ChIJYW1Zb-9kjEcRFXvLDxG1Vlw;08.08.2020;-20;-9;146;-8;-10;-3
CH;Switzerland;;;;;;ChIJYW1Zb-9kjEcRFXvLDxG1Vlw;09.08.2020;-10;10;142;-4;-4;-3
CH;Switzerland;;;;;;ChIJYW1Zb-9kjEcRFXvLDxG1Vlw;10.08.2020;-9;0;122;-16;-29;4
CH;Switzerland;;;;;;ChIJYW1Zb-9kjEcRFXvLDxG1Vlw;11.08.2020;-7;1;162;-13;-28;4
CH;Switzerland;;;;;;ChIJYW1Zb-9kjEcRFXvLDxG1Vlw;12.08.2020;-11;-2;121;-15;-28;3
CH;Switzerland;;;;;;ChIJYW1Zb-9kjEcRFXvLDxG1Vlw;13.08.2020;-9;1;74;-19;-29;5
CH;Switzerland;;;;;;ChIJYW1Zb-9kjEcRFXvLDxG1Vlw;14.08.2020;-10;3;84;-18;-29;5
CH;Switzerland;;;;;;ChIJYW1Zb-9kjEcRFXvLDxG1Vlw;15.08.2020;-22;-21;145;-6;-14;-1
CH;Switzerland;;;;;;ChIJYW1Zb-9kjEcRFXvLDxG1Vlw;16.08.2020;-9;11;115;-6;-3;-2
CH;Switzerland;;;;;;ChIJYW1Zb-9kjEcRFXvLDxG1Vlw;17.08.2020;-7;2;60;-16;-24;5
CH;Switzerland;;;;;;ChIJYW1Zb-9kjEcRFXvLDxG1Vlw;18.08.2020;-7;1;94;-13;-22;4
CH;Switzerland;;;;;;ChIJYW1Zb-9kjEcRFXvLDxG1Vlw;19.08.2020;-9;-2;102;-11;-22;3
CH;Switzerland;;;;;;ChIJYW1Zb-9kjEcRFXvLDxG1Vlw;20.08.2020;-11;-2;121;-12;-23;2
CH;Switzerland;;;;;;ChIJYW1Zb-9kjEcRFXvLDxG1Vlw;21.08.2020;-14;-3;148;-11;-24;2
CH;Switzerland;;;;;;ChIJYW1Zb-9kjEcRFXvLDxG1Vlw;22.08.2020;-15;-5;61;-15;-8;1
CH;Switzerland;;;;;;ChIJYW1Zb-9kjEcRFXvLDxG1Vlw;23.08.2020;-7;4;93;-8;-5;-1
CH;Switzerland;;;;;;ChIJYW1Zb-9kjEcRFXvLDxG1Vlw;24.08.2020;-8;-1;86;-12;-20;3
CH;Switzerland;;;;;;ChIJYW1Zb-9kjEcRFXvLDxG1Vlw;25.08.2020;-4;3;114;-8;-21;2
CH;Switzerland;;;;;;ChIJYW1Zb-9kjEcRFXvLDxG1Vlw;26.08.2020;-8;1;95;-9;-20;2
CH;Switzerland;;;;;;ChIJYW1Zb-9kjEcRFXvLDxG1Vlw;27.08.2020;-8;1;92;-11;-21;2
CH;Switzerland;;;;;;ChIJYW1Zb-9kjEcRFXvLDxG1Vlw;28.08.2020;-14;-1;21;-17;-22;4
CH;Switzerland;;;;;;ChIJYW1Zb-9kjEcRFXvLDxG1Vlw;29.08.2020;-15;-5;-7;-23;-11;3
CH;Switzerland;;;;;;ChIJYW1Zb-9kjEcRFXvLDxG1Vlw;30.08.2020;-26;-15;-30;-32;-14;4
CH;Switzerland;;;;;;ChIJYW1Zb-9kjEcRFXvLDxG1Vlw;31.08.2020;-8;-1;41;-14;-20;4
CH;Switzerland;;;;;;ChIJYW1Zb-9kjEcRFXvLDxG1Vlw;01.09.2020;-7;0;68;-11;-20;3
CH;Switzerland;;;;;;ChIJYW1Zb-9kjEcRFXvLDxG1Vlw;02.09.2020;-9;-2;65;-12;-20;2
CH;Switzerland;;;;;;ChIJYW1Zb-9kjEcRFXvLDxG1Vlw;03.09.2020;-9;0;82;-12;-21;2
CH;Switzerland;;;;;;ChIJYW1Zb-9kjEcRFXvLDxG1Vlw;04.09.2020;-9;-1;116;-9;-21;1
CH;Switzerland;;;;;;ChIJYW1Zb-9kjEcRFXvLDxG1Vlw;05.09.2020;-12;-7;112;-6;-10;-3
CH;Switzerland;;;;;;ChIJYW1Zb-9kjEcRFXvLDxG1Vlw;06.09.2020;-13;-1;42;-18;-11;1
CH;Switzerland;;;;;;ChIJYW1Zb-9kjEcRFXvLDxG1Vlw;07.09.2020;-8;0;53;-14;-20;3
CH;Switzerland;;;;;;ChIJYW1Zb-9kjEcRFXvLDxG1Vlw;08.09.2020;-6;0;108;-8;-21;2
CH;Switzerland;;;;;;ChIJYW1Zb-9kjEcRFXvLDxG1Vlw;09.09.2020;-9;-4;95;-9;-19;1
CH;Switzerland;;;;;;ChIJYW1Zb-9kjEcRFXvLDxG1Vlw;10.09.2020;-12;-4;86;-13;-23;2
CH;Switzerland;;;;;;ChIJYW1Zb-9kjEcRFXvLDxG1Vlw;11.09.2020;-10;-1;95;-11;-21;1
CH;Switzerland;;;;;;ChIJYW1Zb-9kjEcRFXvLDxG1Vlw;12.09.2020;-11;-6;100;-7;-8;-3
CH;Switzerland;;;;;;ChIJYW1Zb-9kjEcRFXvLDxG1Vlw;13.09.2020;-1;7;127;0;-8;-4
CH;Switzerland;;;;;;ChIJYW1Zb-9kjEcRFXvLDxG1Vlw;14.09.2020;-9;-2;102;-10;-17;1
CH;Switzerland;;;;;;ChIJYW1Zb-9kjEcRFXvLDxG1Vlw;15.09.2020;-8;0;119;-7;-16;1
CH;Switzerland;;;;;;ChIJYW1Zb-9kjEcRFXvLDxG1Vlw;16.09.2020;-11;-4;82;-10;-16;1
CH;Switzerland;;;;;;ChIJYW1Zb-9kjEcRFXvLDxG1Vlw;17.09.2020;-11;-2;82;-12;-18;1
CH;Switzerland;;;;;;ChIJYW1Zb-9kjEcRFXvLDxG1Vlw;18.09.2020;-11;-2;91;-11;-18;1
CH;Switzerland;;;;;;ChIJYW1Zb-9kjEcRFXvLDxG1Vlw;19.09.2020;-13;-5;67;-11;-10;-1
CH;Switzerland;;;;;;ChIJYW1Zb-9kjEcRFXvLDxG1Vlw;20.09.2020;-6;3;81;-9;-8;-1
CH;Switzerland;;;;;;ChIJYW1Zb-9kjEcRFXvLDxG1Vlw;21.09.2020;-14;-11;75;-15;-26;4
CH;Switzerland;;;;;;ChIJYW1Zb-9kjEcRFXvLDxG1Vlw;22.09.2020;-10;-1;69;-10;-17;3
CH;Switzerland;;;;;;ChIJYW1Zb-9kjEcRFXvLDxG1Vlw;23.09.2020;-14;-3;40;-12;-16;3
CH;Switzerland;;;;;;ChIJYW1Zb-9kjEcRFXvLDxG1Vlw;24.09.2020;-15;-3;21;-15;-18;4
CH;Switzerland;;;;;;ChIJYW1Zb-9kjEcRFXvLDxG1Vlw;25.09.2020;-14;0;-4;-16;-18;5
CH;Switzerland;;;;;;ChIJYW1Zb-9kjEcRFXvLDxG1Vlw;26.09.2020;-13;-2;-14;-22;-10;2
CH;Switzerland;;;;;;ChIJYW1Zb-9kjEcRFXvLDxG1Vlw;27.09.2020;-18;-10;4;-20;-11;3
CH;Switzerland;;;;;;ChIJYW1Zb-9kjEcRFXvLDxG1Vlw;28.09.2020;-9;-2;30;-14;-19;4
CH;Switzerland;;;;;;ChIJYW1Zb-9kjEcRFXvLDxG1Vlw;29.09.2020;-9;0;29;-14;-20;5
CH;Switzerland;;;;;;ChIJYW1Zb-9kjEcRFXvLDxG1Vlw;30.09.2020;-9;-3;58;-9;-20;2
CH;Switzerland;;;;;;ChIJYW1Zb-9kjEcRFXvLDxG1Vlw;01.10.2020;-13;-1;17;-15;-19;4
CH;Switzerland;;;;;;ChIJYW1Zb-9kjEcRFXvLDxG1Vlw;02.10.2020;-13;-1;6;-17;-20;5
CH;Switzerland;;;;;;ChIJYW1Zb-9kjEcRFXvLDxG1Vlw;03.10.2020;-12;-3;-2;-19;-11;2
CH;Switzerland;;;;;;ChIJYW1Zb-9kjEcRFXvLDxG1Vlw;04.10.2020;-12;-6;29;-14;-10;2
CH;Switzerland;;;;;;ChIJYW1Zb-9kjEcRFXvLDxG1Vlw;05.10.2020;-11;-3;8;-18;-22;5
CH;Switzerland;;;;;;ChIJYW1Zb-9kjEcRFXvLDxG1Vlw;06.10.2020;-10;-2;22;-16;-23;5
CH;Switzerland;;;;;;ChIJYW1Zb-9kjEcRFXvLDxG1Vlw;07.10.2020;-13;-5;12;-18;-22;5
CH;Switzerland;;;;;;ChIJYW1Zb-9kjEcRFXvLDxG1Vlw;08.10.2020;-12;-3;57;-15;-23;3
CH;Switzerland;;;;;;ChIJYW1Zb-9kjEcRFXvLDxG1Vlw;09.10.2020;-14;-4;56;-16;-24;4
CH;Switzerland;;;;;;ChIJYW1Zb-9kjEcRFXvLDxG1Vlw;10.10.2020;-18;-5;-10;-26;-10;3
CH;Switzerland;;;;;;ChIJYW1Zb-9kjEcRFXvLDxG1Vlw;11.10.2020;-21;-10;20;-22;-11;3
CH;Switzerland;;;;;;ChIJYW1Zb-9kjEcRFXvLDxG1Vlw;12.10.2020;-14;-4;24;-19;-21;5
CH;Switzerland;;;;;;ChIJYW1Zb-9kjEcRFXvLDxG1Vlw;13.10.2020;-11;-2;47;-16;-21;5
CH;Switzerland;;;;;;ChIJYW1Zb-9kjEcRFXvLDxG1Vlw;14.10.2020;-15;-4;25;-17;-20;5
CH;Switzerland;;;;;;ChIJYW1Zb-9kjEcRFXvLDxG1Vlw;15.10.2020;-17;-1;-9;-23;-22;7
CH;Switzerland;;;;;;ChIJYW1Zb-9kjEcRFXvLDxG1Vlw;16.10.2020;-17;-1;0;-23;-22;7
CH;Switzerland;;;;;;ChIJYW1Zb-9kjEcRFXvLDxG1Vlw;17.10.2020;-19;-4;6;-24;-10;4
CH;Switzerland;;;;;;ChIJYW1Zb-9kjEcRFXvLDxG1Vlw;18.10.2020;-22;-9;35;-20;-12;3
CH;Switzerland;;;;;;ChIJYW1Zb-9kjEcRFXvLDxG1Vlw;19.10.2020;-17;-4;34;-18;-19;6
CH;Switzerland;;;;;;ChIJYW1Zb-9kjEcRFXvLDxG1Vlw;20.10.2020;-16;-3;46;-18;-20;7
CH;Switzerland;;;;;;ChIJYW1Zb-9kjEcRFXvLDxG1Vlw;21.10.2020;-20;-5;28;-20;-20;7
CH;Switzerland;;;;;;ChIJYW1Zb-9kjEcRFXvLDxG1Vlw;22.10.2020;-21;-2;9;-24;-22;8
CH;Switzerland;;;;;;ChIJYW1Zb-9kjEcRFXvLDxG1Vlw;23.10.2020;-24;-3;-26;-29;-22;10
CH;Switzerland;;;;;;ChIJYW1Zb-9kjEcRFXvLDxG1Vlw;24.10.2020;-19;0;18;-25;-9;6
CH;Switzerland;;;;;;ChIJYW1Zb-9kjEcRFXvLDxG1Vlw;25.10.2020;-18;-2;75;-15;-12;3
CH;Switzerland;;;;;;ChIJYW1Zb-9kjEcRFXvLDxG1Vlw;26.10.2020;-24;-7;-31;-28;-19;9
CH;Switzerland;;;;;;ChIJYW1Zb-9kjEcRFXvLDxG1Vlw;27.10.2020;-17;1;19;-21;-20;8
CH;Switzerland;;;;;;ChIJYW1Zb-9kjEcRFXvLDxG1Vlw;28.10.2020;-22;-3;-2;-24;-19;9
CH;Switzerland;;;;;;ChIJYW1Zb-9kjEcRFXvLDxG1Vlw;29.10.2020;-24;-1;-15;-28;-21;10
CH;Switzerland;;;;;;ChIJYW1Zb-9kjEcRFXvLDxG1Vlw;30.10.2020;-22;2;27;-25;-20;10
CH;Switzerland;;;;;;ChIJYW1Zb-9kjEcRFXvLDxG1Vlw;31.10.2020;-23;0;30;-27;-10;7
CH;Switzerland;;;;;;ChIJYW1Zb-9kjEcRFXvLDxG1Vlw;01.11.2020;-37;-16;11;-34;-18;7
CH;Switzerland;;;;;;ChIJYW1Zb-9kjEcRFXvLDxG1Vlw;02.11.2020;-20;-5;33;-24;-20;8
CH;Switzerland;;;;;;ChIJYW1Zb-9kjEcRFXvLDxG1Vlw;03.11.2020;-26;-4;-10;-28;-22;11
CH;Switzerland;;;;;;ChIJYW1Zb-9kjEcRFXvLDxG1Vlw;04.11.2020;-28;-5;-24;-30;-21;11
CH;Switzerland;;;;;;ChIJYW1Zb-9kjEcRFXvLDxG1Vlw;05.11.2020;-30;0;-16;-31;-22;11
CH;Switzerland;;;;;;ChIJYW1Zb-9kjEcRFXvLDxG1Vlw;06.11.2020;-29;1;6;-29;-21;12
CH;Switzerland;;;;;;ChIJYW1Zb-9kjEcRFXvLDxG1Vlw;07.11.2020;-29;0;16;-31;-15;9
CH;Switzerland;;;;;;ChIJYW1Zb-9kjEcRFXvLDxG1Vlw;08.11.2020;-40;-16;36;-30;-21;7
CH;Switzerland;;;;;;ChIJYW1Zb-9kjEcRFXvLDxG1Vlw;09.11.2020;-28;-5;13;-27;-20;10
CH;Switzerland;;;;;;ChIJYW1Zb-9kjEcRFXvLDxG1Vlw;10.11.2020;-28;-1;12;-26;-21;10
CH;Switzerland;;;;;;ChIJYW1Zb-9kjEcRFXvLDxG1Vlw;11.11.2020;-30;-4;1;-27;-21;10
CH;Switzerland;;;;;;ChIJYW1Zb-9kjEcRFXvLDxG1Vlw;12.11.2020;-30;-1;8;-27;-21;10
CH;Switzerland;;;;;;ChIJYW1Zb-9kjEcRFXvLDxG1Vlw;13.11.2020;-29;2;14;-27;-20;11
CH;Switzerland;;;;;;ChIJYW1Zb-9kjEcRFXvLDxG1Vlw;14.11.2020;-26;2;36;-26;-13;7
CH;Switzerland;;;;;;ChIJYW1Zb-9kjEcRFXvLDxG1Vlw;15.11.2020;-36;-11;54;-25;-20;6
CH;Switzerland;;;;;;ChIJYW1Zb-9kjEcRFXvLDxG1Vlw;16.11.2020;-29;-5;-16;-29;-19;10
CH;Switzerland;;;;;;ChIJYW1Zb-9kjEcRFXvLDxG1Vlw;17.11.2020;-27;-2;18;-25;-19;10
CH;Switzerland;;;;;;ChIJYW1Zb-9kjEcRFXvLDxG1Vlw;18.11.2020;-29;-4;17;-24;-19;10
CH;Switzerland;;;;;;ChIJYW1Zb-9kjEcRFXvLDxG1Vlw;19.11.2020;-32;-2;-27;-32;-20;11
CH;Switzerland;;;;;;ChIJYW1Zb-9kjEcRFXvLDxG1Vlw;20.11.2020;-29;2;-19;-30;-19;12
CH;Switzerland;;;;;;ChIJYW1Zb-9kjEcRFXvLDxG1Vlw;21.11.2020;-25;2;0;-32;-13;9
CH;Switzerland;;;;;;ChIJYW1Zb-9kjEcRFXvLDxG1Vlw;22.11.2020;-41;-16;24;-31;-21;7
CH;Switzerland;;;;;;ChIJYW1Zb-9kjEcRFXvLDxG1Vlw;23.11.2020;-27;-5;-7;-28;-18;10
CH;Switzerland;;;;;;ChIJYW1Zb-9kjEcRFXvLDxG1Vlw;24.11.2020;-26;-2;0;-26;-19;10
CH;Switzerland;;;;;;ChIJYW1Zb-9kjEcRFXvLDxG1Vlw;25.11.2020;-24;0;-11;-26;-18;10
CH;Switzerland;;;;;;ChIJYW1Zb-9kjEcRFXvLDxG1Vlw;26.11.2020;-23;4;-13;-27;-19;10
CH;Switzerland;;;;;;ChIJYW1Zb-9kjEcRFXvLDxG1Vlw;27.11.2020;-18;8;-8;-25;-18;10
CH;Switzerland;;;;;;ChIJYW1Zb-9kjEcRFXvLDxG1Vlw;28.11.2020;-20;6;-11;-30;-10;8
CH;Switzerland;;;;;;ChIJYW1Zb-9kjEcRFXvLDxG1Vlw;29.11.2020;-41;-17;-15;-37;-18;8
CH;Switzerland;;;;;;ChIJYW1Zb-9kjEcRFXvLDxG1Vlw;30.11.2020;-21;0;-17;-27;-17;9
CH;Switzerland;;;;;;ChIJYW1Zb-9kjEcRFXvLDxG1Vlw;01.12.2020;-26;1;-22;-24;-18;10
CH;Switzerland;;;;;;ChIJYW1Zb-9kjEcRFXvLDxG1Vlw;02.12.2020;-25;1;-27;-27;-17;10
CH;Switzerland;;;;;;ChIJYW1Zb-9kjEcRFXvLDxG1Vlw;03.12.2020;-24;6;-14;-26;-17;9
CH;Switzerland;;;;;;ChIJYW1Zb-9kjEcRFXvLDxG1Vlw;04.12.2020;-28;2;-29;-28;-17;12
CH;Switzerland;;;;;;ChIJYW1Zb-9kjEcRFXvLDxG1Vlw;05.12.2020;-25;6;-32;-33;-11;9
CH;Switzerland;;;;;;ChIJYW1Zb-9kjEcRFXvLDxG1Vlw;06.12.2020;-46;-17;-24;-37;-18;8
CH;Switzerland;;;;;;ChIJYW1Zb-9kjEcRFXvLDxG1Vlw;07.12.2020;-22;0;-19;-26;-20;10
CH;Switzerland;;;;;;ChIJYW1Zb-9kjEcRFXvLDxG1Vlw;08.12.2020;-26;-8;-9;-29;-29;13
CH;Switzerland;;;;;;ChIJYW1Zb-9kjEcRFXvLDxG1Vlw;09.12.2020;-27;-1;-30;-27;-17;10
CH;Switzerland;;;;;;ChIJYW1Zb-9kjEcRFXvLDxG1Vlw;10.12.2020;-22;3;-16;-26;-17;9
CH;Switzerland;;;;;;ChIJYW1Zb-9kjEcRFXvLDxG1Vlw;11.12.2020;-23;2;-23;-28;-16;11
CH;Switzerland;;;;;;ChIJYW1Zb-9kjEcRFXvLDxG1Vlw;12.12.2020;-25;4;-35;-35;-9;10
CH;Switzerland;;;;;;ChIJYW1Zb-9kjEcRFXvLDxG1Vlw;13.12.2020;-45;-40;0;-35;-21;8
CH;Switzerland;;;;;;ChIJYW1Zb-9kjEcRFXvLDxG1Vlw;14.12.2020;-18;1;-10;-26;-17;9
CH;Switzerland;;;;;;ChIJYW1Zb-9kjEcRFXvLDxG1Vlw;15.12.2020;-19;3;-17;-25;-18;10
CH;Switzerland;;;;;;ChIJYW1Zb-9kjEcRFXvLDxG1Vlw;16.12.2020;-18;3;-12;-25;-17;10
CH;Switzerland;;;;;;ChIJYW1Zb-9kjEcRFXvLDxG1Vlw;17.12.2020;-18;7;-12;-26;-17;10
CH;Switzerland;;;;;;ChIJYW1Zb-9kjEcRFXvLDxG1Vlw;18.12.2020;-18;7;-4;-25;-17;10
CH;Switzerland;;;;;;ChIJYW1Zb-9kjEcRFXvLDxG1Vlw;19.12.2020;-22;5;-14;-29;-8;8
CH;Switzerland;;;;;;ChIJYW1Zb-9kjEcRFXvLDxG1Vlw;20.12.2020;-41;-31;-10;-40;-18;8
CH;Switzerland;;;;;;ChIJYW1Zb-9kjEcRFXvLDxG1Vlw;21.12.2020;-3;15;-14;-31;-34;12
CH;Switzerland;;;;;;ChIJYW1Zb-9kjEcRFXvLDxG1Vlw;22.12.2020;-15;22;11;-31;-37;13
CH;Switzerland;;;;;;ChIJYW1Zb-9kjEcRFXvLDxG1Vlw;23.12.2020;-16;37;-4;-32;-40;13
CH;Switzerland;;;;;;ChIJYW1Zb-9kjEcRFXvLDxG1Vlw;24.12.2020;-39;18;-28;-48;-64;18
CH;Switzerland;;;;;;ChIJYW1Zb-9kjEcRFXvLDxG1Vlw;25.12.2020;-88;-90;-25;-68;-86;29
CH;Switzerland;;;;;;ChIJYW1Zb-9kjEcRFXvLDxG1Vlw;26.12.2020;-71;-74;11;-45;-48;12
CH;Switzerland;;;;;;ChIJYW1Zb-9kjEcRFXvLDxG1Vlw;27.12.2020;-65;-50;-4;-43;-29;8
CH;Switzerland;;;;;;ChIJYW1Zb-9kjEcRFXvLDxG1Vlw;28.12.2020;-29;11;-11;-45;-62;20
CH;Switzerland;;;;;;ChIJYW1Zb-9kjEcRFXvLDxG1Vlw;29.12.2020;-30;10;26;-41;-62;20
CH;Switzerland;;;;;;ChIJYW1Zb-9kjEcRFXvLDxG1Vlw;30.12.2020;-32;24;17;-40;-61;19
CH;Switzerland;;;;;;ChIJYW1Zb-9kjEcRFXvLDxG1Vlw;31.12.2020;-43;23;16;-46;-68;19
CH;Switzerland;;;;;;ChIJYW1Zb-9kjEcRFXvLDxG1Vlw;01.01.2021;-87;-90;8;-66;-86;30
CH;Switzerland;;;;;;ChIJYW1Zb-9kjEcRFXvLDxG1Vlw;02.01.2021;-62;-38;-17;-46;-37;14
CH;Switzerland;;;;;;ChIJYW1Zb-9kjEcRFXvLDxG1Vlw;03.01.2021;-66;-53;-11;-44;-24;9
CH;Switzerland;;;;;;ChIJYW1Zb-9kjEcRFXvLDxG1Vlw;04.01.2021;-36;3;-16;-37;-32;14
CH;Switzerland;;;;;;ChIJYW1Zb-9kjEcRFXvLDxG1Vlw;05.01.2021;-38;0;-7;-37;-33;15
CH;Switzerland;;;;;;ChIJYW1Zb-9kjEcRFXvLDxG1Vlw;06.01.2021;-44;-11;-21;-39;-34;16
CH;Switzerland;;;;;;ChIJYW1Zb-9kjEcRFXvLDxG1Vlw;07.01.2021;-42;-4;-5;-36;-31;15
CH;Switzerland;;;;;;ChIJYW1Zb-9kjEcRFXvLDxG1Vlw;08.01.2021;-43;-2;-5;-36;-30;16
CH;Switzerland;;;;;;ChIJYW1Zb-9kjEcRFXvLDxG1Vlw;09.01.2021;-42;-2;-12;-37;-20;10
CH;Switzerland;;;;;;ChIJYW1Zb-9kjEcRFXvLDxG1Vlw;10.01.2021;-61;-65;14;-38;-24;8
CH;Switzerland;;;;;;ChIJYW1Zb-9kjEcRFXvLDxG1Vlw;11.01.2021;-37;-2;-13;-30;-19;11
CH;Switzerland;;;;;;ChIJYW1Zb-9kjEcRFXvLDxG1Vlw;12.01.2021;-43;-8;-21;-30;-22;12
CH;Switzerland;;;;;;ChIJYW1Zb-9kjEcRFXvLDxG1Vlw;13.01.2021;-42;-5;-29;-31;-22;12
CH;Switzerland;;;;;;ChIJYW1Zb-9kjEcRFXvLDxG1Vlw;14.01.2021;-44;-10;-36;-32;-24;12
CH;Switzerland;;;;;;ChIJYW1Zb-9kjEcRFXvLDxG1Vlw;15.01.2021;-44;-4;-29;-30;-26;14
CH;Switzerland;;;;;;ChIJYW1Zb-9kjEcRFXvLDxG1Vlw;16.01.2021;-40;-1;-13;-33;-20;9
CH;Switzerland;;;;;;ChIJYW1Zb-9kjEcRFXvLDxG1Vlw;17.01.2021;-70;-71;-29;-49;-28;9
CH;Switzerland;;;;;;ChIJYW1Zb-9kjEcRFXvLDxG1Vlw;18.01.2021;-52;-10;-14;-33;-26;13
CH;Switzerland;;;;;;ChIJYW1Zb-9kjEcRFXvLDxG1Vlw;19.01.2021;-51;-8;5;-33;-28;13
CH;Switzerland;;;;;;ChIJYW1Zb-9kjEcRFXvLDxG1Vlw;20.01.2021;-53;-10;-10;-34;-27;13
CH;Switzerland;;;;;;ChIJYW1Zb-9kjEcRFXvLDxG1Vlw;21.01.2021;-54;-8;-22;-37;-28;14
CH;Switzerland;;;;;;ChIJYW1Zb-9kjEcRFXvLDxG1Vlw;22.01.2021;-54;-4;-23;-37;-26;15
CH;Switzerland;;;;;;ChIJYW1Zb-9kjEcRFXvLDxG1Vlw;23.01.2021;-55;-4;-20;-42;-24;12
CH;Switzerland;;;;;;ChIJYW1Zb-9kjEcRFXvLDxG1Vlw;24.01.2021;-59;-37;35;-30;-23;7
CH;Switzerland;;;;;;ChIJYW1Zb-9kjEcRFXvLDxG1Vlw;25.01.2021;-52;-13;-28;-35;-27;13
CH;Switzerland;;;;;;ChIJYW1Zb-9kjEcRFXvLDxG1Vlw;26.01.2021;-49;-5;1;-32;-27;13
CH;Switzerland;;;;;;ChIJYW1Zb-9kjEcRFXvLDxG1Vlw;27.01.2021;-55;-12;-31;-36;-27;14
CH;Switzerland;;;;;;ChIJYW1Zb-9kjEcRFXvLDxG1Vlw;28.01.2021;-54;-6;-40;-38;-28;14
CH;Switzerland;;;;;;ChIJYW1Zb-9kjEcRFXvLDxG1Vlw;29.01.2021;-52;0;-31;-38;-26;15
CH;Switzerland;;;;;;ChIJYW1Zb-9kjEcRFXvLDxG1Vlw;30.01.2021;-55;-1;-42;-47;-23;12
CH;Switzerland;;;;;;ChIJYW1Zb-9kjEcRFXvLDxG1Vlw;31.01.2021;-62;-26;5;-38;-23;8
CH;Switzerland;;;;;;ChIJYW1Zb-9kjEcRFXvLDxG1Vlw;01.02.2021;-51;-10;-28;-37;-27;13
CH;Switzerland;;;;;;ChIJYW1Zb-9kjEcRFXvLDxG1Vlw;02.02.2021;-49;-4;-9;-34;-28;13
CH;Switzerland;;;;;;ChIJYW1Zb-9kjEcRFXvLDxG1Vlw;03.02.2021;-52;-10;-28;-37;-27;14
CH;Switzerland;;;;;;ChIJYW1Zb-9kjEcRFXvLDxG1Vlw;04.02.2021;-49;-1;2;-33;-28;13
CH;Switzerland;;;;;;ChIJYW1Zb-9kjEcRFXvLDxG1Vlw;05.02.2021;-48;3;12;-32;-26;13
CH;Switzerland;;;;;;ChIJYW1Zb-9kjEcRFXvLDxG1Vlw;06.02.2021;-51;2;1;-36;-22;10
CH;Switzerland;;;;;;ChIJYW1Zb-9kjEcRFXvLDxG1Vlw;07.02.2021;-67;-27;-31;-47;-24;9
CH;Switzerland;;;;;;ChIJYW1Zb-9kjEcRFXvLDxG1Vlw;08.02.2021;-47;-7;6;-33;-27;12
CH;Switzerland;;;;;;ChIJYW1Zb-9kjEcRFXvLDxG1Vlw;09.02.2021;-48;-3;-1;-33;-28;13
CH;Switzerland;;;;;;ChIJYW1Zb-9kjEcRFXvLDxG1Vlw;10.02.2021;-52;-6;-24;-36;-27;13
CH;Switzerland;;;;;;ChIJYW1Zb-9kjEcRFXvLDxG1Vlw;11.02.2021;-51;-3;-15;-35;-28;14
CH;Switzerland;;;;;;ChIJYW1Zb-9kjEcRFXvLDxG1Vlw;12.02.2021;-51;2;-18;-36;-27;15
CH;Switzerland;;;;;;ChIJYW1Zb-9kjEcRFXvLDxG1Vlw;13.02.2021;-52;2;-17;-41;-22;10
CH;Switzerland;;;;;;ChIJYW1Zb-9kjEcRFXvLDxG1Vlw;14.02.2021;-53;-10;36;-28;-18;6
CH;Switzerland;;;;;;ChIJYW1Zb-9kjEcRFXvLDxG1Vlw;15.02.2021;-48;-7;1;-35;-30;13
CH;Switzerland;;;;;;ChIJYW1Zb-9kjEcRFXvLDxG1Vlw;16.02.2021;-45;0;33;-30;-31;13
CH;Switzerland;;;;;;ChIJYW1Zb-9kjEcRFXvLDxG1Vlw;17.02.2021;-47;-2;30;-30;-29;12
CH;Switzerland;;;;;;ChIJYW1Zb-9kjEcRFXvLDxG1Vlw;18.02.2021;-48;1;10;-33;-30;13
CH;Switzerland;;;;;;ChIJYW1Zb-9kjEcRFXvLDxG1Vlw;19.02.2021;-47;5;34;-31;-28;13
CH;Switzerland;;;;;;ChIJYW1Zb-9kjEcRFXvLDxG1Vlw;20.02.2021;-46;5;59;-24;-19;7
CH;Switzerland;;;;;;ChIJYW1Zb-9kjEcRFXvLDxG1Vlw;21.02.2021;-44;8;102;-12;-15;4
CH;Switzerland;;;;;;ChIJYW1Zb-9kjEcRFXvLDxG1Vlw;22.02.2021;-43;-1;31;-30;-27;11
CH;Switzerland;;;;;;ChIJYW1Zb-9kjEcRFXvLDxG1Vlw;23.02.2021;-42;3;62;-26;-27;11
CH;Switzerland;;;;;;ChIJYW1Zb-9kjEcRFXvLDxG1Vlw;24.02.2021;-44;0;52;-26;-26;11
CH;Switzerland;;;;;;ChIJYW1Zb-9kjEcRFXvLDxG1Vlw;25.02.2021;-43;8;52;-26;-27;11
CH;Switzerland;;;;;;ChIJYW1Zb-9kjEcRFXvLDxG1Vlw;26.02.2021;-43;11;38;-27;-26;12
CH;Switzerland;;;;;;ChIJYW1Zb-9kjEcRFXvLDxG1Vlw;27.02.2021;-47;8;4;-34;-18;9
CH;Switzerland;;;;;;ChIJYW1Zb-9kjEcRFXvLDxG1Vlw;28.02.2021;-49;1;59;-21;-14;5
CH;Switzerland;;;;;;ChIJYW1Zb-9kjEcRFXvLDxG1Vlw;01.03.2021;-27;6;34;-22;-23;9
CH;Switzerland;;;;;;ChIJYW1Zb-9kjEcRFXvLDxG1Vlw;02.03.2021;-28;9;58;-20;-23;9
CH;Switzerland;;;;;;ChIJYW1Zb-9kjEcRFXvLDxG1Vlw;03.03.2021;-32;7;16;-23;-23;10
CH;Switzerland;;;;;;ChIJYW1Zb-9kjEcRFXvLDxG1Vlw;04.03.2021;-34;10;11;-25;-24;10
CH;Switzerland;;;;;;ChIJYW1Zb-9kjEcRFXvLDxG1Vlw;05.03.2021;-36;12;-6;-28;-22;12
CH;Switzerland;;;;;;ChIJYW1Zb-9kjEcRFXvLDxG1Vlw;06.03.2021;-31;11;14;-25;-13;7
CH;Switzerland;;;;;;ChIJYW1Zb-9kjEcRFXvLDxG1Vlw;07.03.2021;-52;-2;21;-28;-14;7
CH;Switzerland;;;;;;ChIJYW1Zb-9kjEcRFXvLDxG1Vlw;08.03.2021;-30;7;19;-24;-21;10
CH;Switzerland;;;;;;ChIJYW1Zb-9kjEcRFXvLDxG1Vlw;09.03.2021;-32;8;28;-23;-22;10
CH;Switzerland;;;;;;ChIJYW1Zb-9kjEcRFXvLDxG1Vlw;10.03.2021;-32;6;35;-22;-21;9
CH;Switzerland;;;;;;ChIJYW1Zb-9kjEcRFXvLDxG1Vlw;11.03.2021;-38;8;-12;-29;-22;11
CH;Switzerland;;;;;;ChIJYW1Zb-9kjEcRFXvLDxG1Vlw;12.03.2021;-34;13;18;-25;-20;11
CH;Switzerland;;;;;;ChIJYW1Zb-9kjEcRFXvLDxG1Vlw;13.03.2021;-33;9;-9;-31;-13;9
CH;Switzerland;;;;;;ChIJYW1Zb-9kjEcRFXvLDxG1Vlw;14.03.2021;-61;-15;-30;-42;-17;9
CH;Switzerland;;;;;;ChIJYW1Zb-9kjEcRFXvLDxG1Vlw;15.03.2021;-37;0;-22;-30;-21;11
CH;Switzerland;;;;;;ChIJYW1Zb-9kjEcRFXvLDxG1Vlw;16.03.2021;-34;7;6;-26;-21;11
CH;Switzerland;;;;;;ChIJYW1Zb-9kjEcRFXvLDxG1Vlw;17.03.2021;-37;4;-13;-28;-20;11
CH;Switzerland;;;;;;ChIJYW1Zb-9kjEcRFXvLDxG1Vlw;18.03.2021;-36;11;-2;-27;-21;11
CH;Switzerland;;;;;;ChIJYW1Zb-9kjEcRFXvLDxG1Vlw;19.03.2021;-38;6;13;-27;-25;13
CH;Switzerland;;;;;;ChIJYW1Zb-9kjEcRFXvLDxG1Vlw;20.03.2021;-33;12;6;-29;-11;8
CH;Switzerland;;;;;;ChIJYW1Zb-9kjEcRFXvLDxG1Vlw;21.03.2021;-53;-5;17;-30;-14;7
CH;Switzerland;;;;;;ChIJYW1Zb-9kjEcRFXvLDxG1Vlw;22.03.2021;-33;5;7;-26;-19;10
CH;Switzerland;;;;;;ChIJYW1Zb-9kjEcRFXvLDxG1Vlw;23.03.2021;-31;9;49;-21;-20;9
CH;Switzerland;;;;;;ChIJYW1Zb-9kjEcRFXvLDxG1Vlw;24.03.2021;-31;7;58;-19;-19;9
CH;Switzerland;;;;;;ChIJYW1Zb-9kjEcRFXvLDxG1Vlw;25.03.2021;-31;15;39;-21;-20;9
CH;Switzerland;;;;;;ChIJYW1Zb-9kjEcRFXvLDxG1Vlw;26.03.2021;-30;17;47;-20;-19;10
CH;Switzerland;;;;;;ChIJYW1Zb-9kjEcRFXvLDxG1Vlw;27.03.2021;-29;15;17;-26;-8;7
CH;Switzerland;;;;;;ChIJYW1Zb-9kjEcRFXvLDxG1Vlw;28.03.2021;-38;13;103;-9;-9;3
CH;Switzerland;;;;;;ChIJYW1Zb-9kjEcRFXvLDxG1Vlw;29.03.2021;-25;8;64;-20;-20;8
CH;Switzerland;;;;;;ChIJYW1Zb-9kjEcRFXvLDxG1Vlw;30.03.2021;-24;16;95;-16;-20;8
CH;Switzerland;;;;;;ChIJYW1Zb-9kjEcRFXvLDxG1Vlw;31.03.2021;-23;25;79;-15;-20;7
CH;Switzerland;;;;;;ChIJYW1Zb-9kjEcRFXvLDxG1Vlw;01.04.2021;-19;47;89;-13;-23;5
CH;Switzerland;;;;;;ChIJYW1Zb-9kjEcRFXvLDxG1Vlw;02.04.2021;-64;-59;167;-35;-78;22
CH;Switzerland;;;;;;ChIJYW1Zb-9kjEcRFXvLDxG1Vlw;03.04.2021;-29;29;37;-26;-16;7
CH;Switzerland;;;;;;ChIJYW1Zb-9kjEcRFXvLDxG1Vlw;04.04.2021;-46;2;98;-14;-11;1
CH;Switzerland;;;;;;ChIJYW1Zb-9kjEcRFXvLDxG1Vlw;05.04.2021;-64;-67;96;-43;-81;22
CH;Switzerland;;;;;;ChIJYW1Zb-9kjEcRFXvLDxG1Vlw;06.04.2021;-28;21;14;-27;-29;11
CH;Switzerland;;;;;;ChIJYW1Zb-9kjEcRFXvLDxG1Vlw;07.04.2021;-33;11;1;-28;-28;12
CH;Switzerland;;;;;;ChIJYW1Zb-9kjEcRFXvLDxG1Vlw;08.04.2021;-29;16;53;-23;-28;10
CH;Switzerland;;;;;;ChIJYW1Zb-9kjEcRFXvLDxG1Vlw;09.04.2021;-31;14;57;-23;-26;11
CH;Switzerland;;;;;;ChIJYW1Zb-9kjEcRFXvLDxG1Vlw;10.04.2021;-30;13;39;-23;-11;6
CH;Switzerland;;;;;;ChIJYW1Zb-9kjEcRFXvLDxG1Vlw;11.04.2021;-46;6;65;-19;-13;6
CH;Switzerland;;;;;;ChIJYW1Zb-9kjEcRFXvLDxG1Vlw;12.04.2021;-32;4;-11;-31;-25;12
CH;Switzerland;;;;;;ChIJYW1Zb-9kjEcRFXvLDxG1Vlw;13.04.2021;-29;11;35;-25;-25;11
CH;Switzerland;;;;;;ChIJYW1Zb-9kjEcRFXvLDxG1Vlw;14.04.2021;-31;8;36;-23;-25;10
CH;Switzerland;;;;;;ChIJYW1Zb-9kjEcRFXvLDxG1Vlw;15.04.2021;-32;12;25;-26;-26;11
CH;Switzerland;;;;;;ChIJYW1Zb-9kjEcRFXvLDxG1Vlw;16.04.2021;-32;14;48;-24;-24;11
CH;Switzerland;;;;;;ChIJYW1Zb-9kjEcRFXvLDxG1Vlw;17.04.2021;-31;12;34;-25;-10;7
CH;Switzerland;;;;;;ChIJYW1Zb-9kjEcRFXvLDxG1Vlw;18.04.2021;-51;-2;32;-28;-13;7
CH;Switzerland;;;;;;ChIJYW1Zb-9kjEcRFXvLDxG1Vlw;19.04.2021;-20;7;49;-21;-22;9
CH;Switzerland;;;;;;ChIJYW1Zb-9kjEcRFXvLDxG1Vlw;20.04.2021;-20;10;91;-15;-21;8
CH;Switzerland;;;;;;ChIJYW1Zb-9kjEcRFXvLDxG1Vlw;21.04.2021;-24;9;53;-18;-21;8
CH;Switzerland;;;;;;ChIJYW1Zb-9kjEcRFXvLDxG1Vlw;22.04.2021;-22;13;59;-19;-21;8
CH;Switzerland;;;;;;ChIJYW1Zb-9kjEcRFXvLDxG1Vlw;23.04.2021;-18;17;99;-14;-19;7
CH;Switzerland;;;;;;ChIJYW1Zb-9kjEcRFXvLDxG1Vlw;24.04.2021;-17;14;101;-10;-6;3
CH;Switzerland;;;;;;ChIJYW1Zb-9kjEcRFXvLDxG1Vlw;25.04.2021;-18;19;127;-4;-7;2
CH;Switzerland;;;;;;ChIJYW1Zb-9kjEcRFXvLDxG1Vlw;26.04.2021;-20;11;45;-19;-19;8
CH;Switzerland;;;;;;ChIJYW1Zb-9kjEcRFXvLDxG1Vlw;27.04.2021;-17;14;88;-14;-19;7
CH;Switzerland;;;;;;ChIJYW1Zb-9kjEcRFXvLDxG1Vlw;28.04.2021;-24;12;28;-19;-19;8
CH;Switzerland;;;;;;ChIJYW1Zb-9kjEcRFXvLDxG1Vlw;29.04.2021;-26;17;3;-24;-21;9
CH;Switzerland;;;;;;ChIJYW1Zb-9kjEcRFXvLDxG1Vlw;30.04.2021;-27;23;2;-23;-19;10
CH;Switzerland;;;;;;ChIJYW1Zb-9kjEcRFXvLDxG1Vlw;01.05.2021;-41;-15;-25;-33;-20;10
CH;Switzerland;;;;;;ChIJYW1Zb-9kjEcRFXvLDxG1Vlw;02.05.2021;-43;3;4;-29;-12;7
CH;Switzerland;;;;;;ChIJYW1Zb-9kjEcRFXvLDxG1Vlw;03.05.2021;-14;14;78;-14;-18;7
CH;Switzerland;;;;;;ChIJYW1Zb-9kjEcRFXvLDxG1Vlw;04.05.2021;-20;15;47;-17;-19;8
CH;Switzerland;;;;;;ChIJYW1Zb-9kjEcRFXvLDxG1Vlw;05.05.2021;-25;12;14;-20;-19;9
CH;Switzerland;;;;;;ChIJYW1Zb-9kjEcRFXvLDxG1Vlw;06.05.2021;-30;12;-8;-25;-20;10
CH;Switzerland;;;;;;ChIJYW1Zb-9kjEcRFXvLDxG1Vlw;07.05.2021;-24;20;24;-21;-17;9
CH;Switzerland;;;;;;ChIJYW1Zb-9kjEcRFXvLDxG1Vlw;08.05.2021;-13;17;94;-8;-2;2
CH;Switzerland;;;;;;ChIJYW1Zb-9kjEcRFXvLDxG1Vlw;09.05.2021;-10;21;125;-1;1;-1
CH;Switzerland;;;;;;ChIJYW1Zb-9kjEcRFXvLDxG1Vlw;10.05.2021;-24;6;21;-20;-18;8
CH;Switzerland;;;;;;ChIJYW1Zb-9kjEcRFXvLDxG1Vlw;11.05.2021;-24;15;7;-20;-19;9
CH;Switzerland;;;;;;ChIJYW1Zb-9kjEcRFXvLDxG1Vlw;12.05.2021;-13;37;50;-11;-18;5
CH;Switzerland;;;;;;ChIJYW1Zb-9kjEcRFXvLDxG1Vlw;13.05.2021;-59;-70;89;-40;-81;24
CH;Switzerland;;;;;;ChIJYW1Zb-9kjEcRFXvLDxG1Vlw;14.05.2021;-13;30;89;-25;-51;15
CH;Switzerland;;;;;;ChIJYW1Zb-9kjEcRFXvLDxG1Vlw;15.05.2021;-27;7;14;-27;-13;7
CH;Switzerland;;;;;;ChIJYW1Zb-9kjEcRFXvLDxG1Vlw;16.05.2021;-45;-9;-3;-29;-9;6
CH;Switzerland;;;;;;ChIJYW1Zb-9kjEcRFXvLDxG1Vlw;17.05.2021;-24;11;16;-19;-18;8
CH;Switzerland;;;;;;ChIJYW1Zb-9kjEcRFXvLDxG1Vlw;18.05.2021;-21;14;50;-15;-17;8
CH;Switzerland;;;;;;ChIJYW1Zb-9kjEcRFXvLDxG1Vlw;19.05.2021;-26;11;17;-19;-17;8
CH;Switzerland;;;;;;ChIJYW1Zb-9kjEcRFXvLDxG1Vlw;20.05.2021;-19;17;57;-17;-17;7
CH;Switzerland;;;;;;ChIJYW1Zb-9kjEcRFXvLDxG1Vlw;21.05.2021;-28;19;11;-21;-16;9
CH;Switzerland;;;;;;ChIJYW1Zb-9kjEcRFXvLDxG1Vlw;22.05.2021;-17;20;65;-14;-1;3
CH;Switzerland;;;;;;ChIJYW1Zb-9kjEcRFXvLDxG1Vlw;23.05.2021;-9;24;130;-3;-3;1
CH;Switzerland;;;;;;ChIJYW1Zb-9kjEcRFXvLDxG1Vlw;24.05.2021;-54;-64;83;-41;-78;22
CH;Switzerland;;;;;;ChIJYW1Zb-9kjEcRFXvLDxG1Vlw;25.05.2021;-15;31;62;-12;-15;6
CH;Switzerland;;;;;;ChIJYW1Zb-9kjEcRFXvLDxG1Vlw;26.05.2021;-18;19;46;-15;-15;7
CH;Switzerland;;;;;;ChIJYW1Zb-9kjEcRFXvLDxG1Vlw;27.05.2021;-18;21;41;-16;-16;7
CH;Switzerland;;;;;;ChIJYW1Zb-9kjEcRFXvLDxG1Vlw;28.05.2021;-11;21;111;-8;-12;4
CH;Switzerland;;;;;;ChIJYW1Zb-9kjEcRFXvLDxG1Vlw;29.05.2021;-13;17;83;-10;4;2
CH;Switzerland;;;;;;ChIJYW1Zb-9kjEcRFXvLDxG1Vlw;30.05.2021;-3;27;143;1;5;0
CH;Switzerland;;;;;;ChIJYW1Zb-9kjEcRFXvLDxG1Vlw;31.05.2021;-6;16;94;-10;-13;5
CH;Switzerland;;;;;;ChIJYW1Zb-9kjEcRFXvLDxG1Vlw;01.06.2021;-5;21;127;-6;-14;4
CH;Switzerland;;;;;;ChIJYW1Zb-9kjEcRFXvLDxG1Vlw;02.06.2021;-8;22;71;-10;-14;4
CH;Switzerland;;;;;;ChIJYW1Zb-9kjEcRFXvLDxG1Vlw;03.06.2021;-14;1;111;-14;-33;8
CH;Switzerland;;;;;;ChIJYW1Zb-9kjEcRFXvLDxG1Vlw;04.06.2021;-7;23;89;-13;-20;6
CH;Switzerland;;;;;;ChIJYW1Zb-9kjEcRFXvLDxG1Vlw;05.06.2021;-13;12;23;-19;0;4
CH;Switzerland;;;;;;ChIJYW1Zb-9kjEcRFXvLDxG1Vlw;06.06.2021;-12;12;62;-14;3;2
CH;Switzerland;;;;;;ChIJYW1Zb-9kjEcRFXvLDxG1Vlw;07.06.2021;-13;13;33;-15;-14;7
CH;Switzerland;;;;;;ChIJYW1Zb-9kjEcRFXvLDxG1Vlw;08.06.2021;-10;17;60;-12;-13;6
CH;Switzerland;;;;;;ChIJYW1Zb-9kjEcRFXvLDxG1Vlw;09.06.2021;-10;15;54;-13;-13;5
CH;Switzerland;;;;;;ChIJYW1Zb-9kjEcRFXvLDxG1Vlw;10.06.2021;-7;20;88;-10;-14;4
CH;Switzerland;;;;;;ChIJYW1Zb-9kjEcRFXvLDxG1Vlw;11.06.2021;-8;20;114;-9;-12;3
CH;Switzerland;;;;;;ChIJYW1Zb-9kjEcRFXvLDxG1Vlw;12.06.2021;-13;11;106;-7;3;-1
CH;Switzerland;;;;;;ChIJYW1Zb-9kjEcRFXvLDxG1Vlw;13.06.2021;-4;28;137;-1;5;-2
CH;Switzerland;;;;;;ChIJYW1Zb-9kjEcRFXvLDxG1Vlw;14.06.2021;-7;16;116;-8;-14;3
CH;Switzerland;;;;;;ChIJYW1Zb-9kjEcRFXvLDxG1Vlw;15.06.2021;-6;18;136;-7;-14;4
CH;Switzerland;;;;;;ChIJYW1Zb-9kjEcRFXvLDxG1Vlw;16.06.2021;-8;16;110;-10;-15;3
CH;Switzerland;;;;;;ChIJYW1Zb-9kjEcRFXvLDxG1Vlw;17.06.2021;-11;18;96;-12;-17;3
CH;Switzerland;;;;;;ChIJYW1Zb-9kjEcRFXvLDxG1Vlw;18.06.2021;-12;16;101;-13;-14;4
CH;Switzerland;;;;;;ChIJYW1Zb-9kjEcRFXvLDxG1Vlw;19.06.2021;-15;8;103;-11;1;-1
CH;Switzerland;;;;;;ChIJYW1Zb-9kjEcRFXvLDxG1Vlw;20.06.2021;-18;11;60;-17;1;1
CH;Switzerland;;;;;;ChIJYW1Zb-9kjEcRFXvLDxG1Vlw;21.06.2021;-10;12;70;-15;-16;5
CH;Switzerland;;;;;;ChIJYW1Zb-9kjEcRFXvLDxG1Vlw;22.06.2021;-8;15;77;-12;-16;5
CH;Switzerland;;;;;;ChIJYW1Zb-9kjEcRFXvLDxG1Vlw;23.06.2021;-10;12;67;-13;-16;5
CH;Switzerland;;;;;;ChIJYW1Zb-9kjEcRFXvLDxG1Vlw;24.06.2021;-12;14;38;-16;-17;5
CH;Switzerland;;;;;;ChIJYW1Zb-9kjEcRFXvLDxG1Vlw;25.06.2021;-5;19;83;-11;-15;3
CH;Switzerland;;;;;;ChIJYW1Zb-9kjEcRFXvLDxG1Vlw;26.06.2021;-8;10;101;-5;3;-2
CH;Switzerland;;;;;;ChIJYW1Zb-9kjEcRFXvLDxG1Vlw;27.06.2021;-3;22;111;-3;4;-2
CH;Switzerland;;;;;;ChIJYW1Zb-9kjEcRFXvLDxG1Vlw;28.06.2021;-5;14;74;-10;-17;3
CH;Switzerland;;;;;;ChIJYW1Zb-9kjEcRFXvLDxG1Vlw;29.06.2021;-11;10;52;-16;-19;5
CH;Switzerland;;;;;;ChIJYW1Zb-9kjEcRFXvLDxG1Vlw;30.06.2021;-7;15;48;-14;-16;3
CH;Switzerland;;;;;;ChIJYW1Zb-9kjEcRFXvLDxG1Vlw;01.07.2021;-5;19;64;-11;-17;4
CH;Switzerland;;;;;;ChIJYW1Zb-9kjEcRFXvLDxG1Vlw;02.07.2021;-6;15;101;-8;-16;2
CH;Switzerland;;;;;;ChIJYW1Zb-9kjEcRFXvLDxG1Vlw;03.07.2021;-13;8;45;-12;0;0
CH;Switzerland;;;;;;ChIJYW1Zb-9kjEcRFXvLDxG1Vlw;04.07.2021;-12;12;33;-14;1;2
CH;Switzerland;;;;;;ChIJYW1Zb-9kjEcRFXvLDxG1Vlw;05.07.2021;-1;15;99;-9;-19;4
CH;Switzerland;;;;;;ChIJYW1Zb-9kjEcRFXvLDxG1Vlw;06.07.2021;-6;13;68;-12;-20;5
CH;Switzerland;;;;;;ChIJYW1Zb-9kjEcRFXvLDxG1Vlw;07.07.2021;-6;13;56;-14;-20;5
CH;Switzerland;;;;;;ChIJYW1Zb-9kjEcRFXvLDxG1Vlw;08.07.2021;-11;11;21;-18;-22;6
CH;Switzerland;;;;;;ChIJYW1Zb-9kjEcRFXvLDxG1Vlw;09.07.2021;-6;14;110;-10;-19;3
CH;Switzerland;;;;;;ChIJYW1Zb-9kjEcRFXvLDxG1Vlw;10.07.2021;-13;6;96;-5;-2;-2
CH;Switzerland;;;;;;ChIJYW1Zb-9kjEcRFXvLDxG1Vlw;11.07.2021;2;26;116;3;3;-3
CH;Switzerland;;;;;;ChIJYW1Zb-9kjEcRFXvLDxG1Vlw;12.07.2021;-8;9;103;-13;-25;4
CH;Switzerland;;;;;;ChIJYW1Zb-9kjEcRFXvLDxG1Vlw;13.07.2021;-11;9;42;-19;-26;7
CH;Switzerland;;;;;;ChIJYW1Zb-9kjEcRFXvLDxG1Vlw;14.07.2021;-8;9;56;-16;-24;5
CH;Switzerland;;;;;;ChIJYW1Zb-9kjEcRFXvLDxG1Vlw;15.07.2021;-11;9;32;-21;-26;6
CH;Switzerland;;;;;;ChIJYW1Zb-9kjEcRFXvLDxG1Vlw;16.07.2021;-11;8;72;-16;-24;5
CH;Switzerland;;;;;;ChIJYW1Zb-9kjEcRFXvLDxG1Vlw;17.07.2021;-14;2;61;-11;-4;0
CH;Switzerland;;;;;;ChIJYW1Zb-9kjEcRFXvLDxG1Vlw;18.07.2021;-3;21;105;-1;0;-2
CH;Switzerland;;;;;;ChIJYW1Zb-9kjEcRFXvLDxG1Vlw;19.07.2021;-6;8;137;-13;-31;3
CH;Switzerland;;;;;;ChIJYW1Zb-9kjEcRFXvLDxG1Vlw;20.07.2021;-6;9;175;-11;-31;3
CH;Switzerland;;;;;;ChIJYW1Zb-9kjEcRFXvLDxG1Vlw;21.07.2021;-10;6;143;-13;-30;2
CH;Switzerland;;;;;;ChIJYW1Zb-9kjEcRFXvLDxG1Vlw;22.07.2021;-10;9;137;-15;-32;2
CH;Switzerland;;;;;;ChIJYW1Zb-9kjEcRFXvLDxG1Vlw;23.07.2021;-13;6;140;-14;-31;2
CH;Switzerland;;;;;;ChIJYW1Zb-9kjEcRFXvLDxG1Vlw;24.07.2021;-20;-1;48;-16;-8;0
CH;Switzerland;;;;;;ChIJYW1Zb-9kjEcRFXvLDxG1Vlw;25.07.2021;-14;10;46;-14;-2;1
CH;Switzerland;;;;;;ChIJYW1Zb-9kjEcRFXvLDxG1Vlw;26.07.2021;-7;7;85;-20;-38;7
CH;Switzerland;;;;;;ChIJYW1Zb-9kjEcRFXvLDxG1Vlw;27.07.2021;-6;8;131;-16;-37;6
CH;Switzerland;;;;;;ChIJYW1Zb-9kjEcRFXvLDxG1Vlw;28.07.2021;-9;4;85;-20;-36;6
CH;Switzerland;;;;;;ChIJYW1Zb-9kjEcRFXvLDxG1Vlw;29.07.2021;-8;6;145;-14;-38;3
CH;Switzerland;;;;;;ChIJYW1Zb-9kjEcRFXvLDxG1Vlw;30.07.2021;-17;5;80;-21;-37;6
CH;Switzerland;;;;;;ChIJYW1Zb-9kjEcRFXvLDxG1Vlw;31.07.2021;-20;2;57;-12;-8;-1
CH;Switzerland;;;;;;ChIJYW1Zb-9kjEcRFXvLDxG1Vlw;01.08.2021;-21;3;34;-15;-2;1
CH;Switzerland;;;;;;ChIJYW1Zb-9kjEcRFXvLDxG1Vlw;02.08.2021;-7;4;127;-15;-40;5
CH;Switzerland;;;;;;ChIJYW1Zb-9kjEcRFXvLDxG1Vlw;03.08.2021;-9;6;97;-19;-39;7
CH;Switzerland;;;;;;ChIJYW1Zb-9kjEcRFXvLDxG1Vlw;04.08.2021;-13;3;34;-24;-38;8
CH;Switzerland;;;;;;ChIJYW1Zb-9kjEcRFXvLDxG1Vlw;05.08.2021;-9;7;90;-18;-39;6
CH;Switzerland;;;;;;ChIJYW1Zb-9kjEcRFXvLDxG1Vlw;06.08.2021;-12;4;129;-15;-37;5
CH;Switzerland;;;;;;ChIJYW1Zb-9kjEcRFXvLDxG1Vlw;07.08.2021;-22;-4;23;-19;-10;2
CH;Switzerland;;;;;;ChIJYW1Zb-9kjEcRFXvLDxG1Vlw;08.08.2021;-2;16;90;-2;2;0
CH;Switzerland;;;;;;ChIJYW1Zb-9kjEcRFXvLDxG1Vlw;09.08.2021;-4;11;129;-11;-30;4
CH;Switzerland;;;;;;ChIJYW1Zb-9kjEcRFXvLDxG1Vlw;10.08.2021;-1;12;194;-6;-29;3
CH;Switzerland;;;;;;ChIJYW1Zb-9kjEcRFXvLDxG1Vlw;11.08.2021;-7;7;168;-8;-29;2
CH;Switzerland;;;;;;ChIJYW1Zb-9kjEcRFXvLDxG1Vlw;12.08.2021;-8;10;160;-10;-30;2
CH;Switzerland;;;;;;ChIJYW1Zb-9kjEcRFXvLDxG1Vlw;13.08.2021;-10;10;152;-11;-28;3
CH;Switzerland;;;;;;ChIJYW1Zb-9kjEcRFXvLDxG1Vlw;14.08.2021;-15;2;135;0;-4;-3
CH;Switzerland;;;;;;ChIJYW1Zb-9kjEcRFXvLDxG1Vlw;15.08.2021;-3;24;133;5;5;-3
CH;Switzerland;;;;;;ChIJYW1Zb-9kjEcRFXvLDxG1Vlw;16.08.2021;-5;14;79;-10;-23;5
CH;Switzerland;;;;;;ChIJYW1Zb-9kjEcRFXvLDxG1Vlw;17.08.2021;-1;16;135;-5;-22;4
CH;Switzerland;;;;;;ChIJYW1Zb-9kjEcRFXvLDxG1Vlw;18.08.2021;-3;12;120;-6;-19;3
CH;Switzerland;;;;;;ChIJYW1Zb-9kjEcRFXvLDxG1Vlw;19.08.2021;-4;14;113;-7;-21;3
CH;Switzerland;;;;;;ChIJYW1Zb-9kjEcRFXvLDxG1Vlw;20.08.2021;-5;13;142;-5;-20;2
CH;Switzerland;;;;;;ChIJYW1Zb-9kjEcRFXvLDxG1Vlw;21.08.2021;-9;5;140;4;-1;-4
CH;Switzerland;;;;;;ChIJYW1Zb-9kjEcRFXvLDxG1Vlw;22.08.2021;-7;18;60;-6;4;1
CH;Switzerland;;;;;;ChIJYW1Zb-9kjEcRFXvLDxG1Vlw;23.08.2021;-2;16;102;-5;-17;4
CH;Switzerland;;;;;;ChIJYW1Zb-9kjEcRFXvLDxG1Vlw;24.08.2021;-2;16;113;-5;-17;4
CH;Switzerland;;;;;;ChIJYW1Zb-9kjEcRFXvLDxG1Vlw;25.08.2021;0;16;97;-3;-17;3
CH;Switzerland;;;;;;ChIJYW1Zb-9kjEcRFXvLDxG1Vlw;26.08.2021;-1;17;100;-3;-18;2
CH;Switzerland;;;;;;ChIJYW1Zb-9kjEcRFXvLDxG1Vlw;27.08.2021;-1;16;105;-3;-16;2
CH;Switzerland;;;;;;ChIJYW1Zb-9kjEcRFXvLDxG1Vlw;28.08.2021;-3;10;70;-1;0;-1
CH;Switzerland;;;;;;ChIJYW1Zb-9kjEcRFXvLDxG1Vlw;29.08.2021;1;19;65;-1;3;1
CH;Switzerland;;;;;;ChIJYW1Zb-9kjEcRFXvLDxG1Vlw;30.08.2021;-2;15;70;-5;-17;4
CH;Switzerland;;;;;;ChIJYW1Zb-9kjEcRFXvLDxG1Vlw;31.08.2021;0;17;101;-2;-16;3
CH;Switzerland;;;;;;ChIJYW1Zb-9kjEcRFXvLDxG1Vlw;01.09.2021;-1;14;104;0;-16;2
CH;Switzerland;;;;;;ChIJYW1Zb-9kjEcRFXvLDxG1Vlw;02.09.2021;-1;16;108;-2;-17;1
CH;Switzerland;;;;;;ChIJYW1Zb-9kjEcRFXvLDxG1Vlw;03.09.2021;-3;15;112;-2;-15;1
CH;Switzerland;;;;;;ChIJYW1Zb-9kjEcRFXvLDxG1Vlw;04.09.2021;-2;8;107;5;1;-3
CH;Switzerland;;;;;;ChIJYW1Zb-9kjEcRFXvLDxG1Vlw;05.09.2021;16;31;133;13;5;-3
CH;Switzerland;;;;;;ChIJYW1Zb-9kjEcRFXvLDxG1Vlw;06.09.2021;-2;14;110;-2;-16;2
CH;Switzerland;;;;;;ChIJYW1Zb-9kjEcRFXvLDxG1Vlw;07.09.2021;-1;15;131;0;-15;2
CH;Switzerland;;;;;;ChIJYW1Zb-9kjEcRFXvLDxG1Vlw;08.09.2021;-2;14;117;-1;-15;1
CH;Switzerland;;;;;;ChIJYW1Zb-9kjEcRFXvLDxG1Vlw;09.09.2021;-7;11;76;-7;-19;3
CH;Switzerland;;;;;;ChIJYW1Zb-9kjEcRFXvLDxG1Vlw;10.09.2021;-5;15;67;-7;-16;3
CH;Switzerland;;;;;;ChIJYW1Zb-9kjEcRFXvLDxG1Vlw;11.09.2021;-3;8;88;2;0;-2
CH;Switzerland;;;;;;ChIJYW1Zb-9kjEcRFXvLDxG1Vlw;12.09.2021;10;26;113;8;3;-2
CH;Switzerland;;;;;;ChIJYW1Zb-9kjEcRFXvLDxG1Vlw;13.09.2021;-4;14;109;-3;-16;3
CH;Switzerland;;;;;;ChIJYW1Zb-9kjEcRFXvLDxG1Vlw;14.09.2021;-3;15;108;-1;-16;3
CH;Switzerland;;;;;;ChIJYW1Zb-9kjEcRFXvLDxG1Vlw;15.09.2021;-10;14;38;-8;-16;4
CH;Switzerland;;;;;;ChIJYW1Zb-9kjEcRFXvLDxG1Vlw;16.09.2021;-12;13;33;-10;-18;3
CH;Switzerland;;;;;;ChIJYW1Zb-9kjEcRFXvLDxG1Vlw;17.09.2021;-6;14;89;-6;-18;2
CH;Switzerland;;;;;;ChIJYW1Zb-9kjEcRFXvLDxG1Vlw;18.09.2021;-6;7;91;1;-2;-2
CH;Switzerland;;;;;;ChIJYW1Zb-9kjEcRFXvLDxG1Vlw;19.09.2021;-27;4;-16;-22;-6;4
CH;Switzerland;;;;;;ChIJYW1Zb-9kjEcRFXvLDxG1Vlw;20.09.2021;-14;4;38;-14;-25;6
CH;Switzerland;;;;;;ChIJYW1Zb-9kjEcRFXvLDxG1Vlw;21.09.2021;-5;16;89;-4;-15;3
CH;Switzerland;;;;;;ChIJYW1Zb-9kjEcRFXvLDxG1Vlw;22.09.2021;-7;12;73;-6;-13;2
CH;Switzerland;;;;;;ChIJYW1Zb-9kjEcRFXvLDxG1Vlw;23.09.2021;-7;14;79;-5;-15;2
CH;Switzerland;;;;;;ChIJYW1Zb-9kjEcRFXvLDxG1Vlw;24.09.2021;-3;17;99;-3;-14;1
CH;Switzerland;;;;;;ChIJYW1Zb-9kjEcRFXvLDxG1Vlw;25.09.2021;-4;9;85;2;-1;-3
CH;Switzerland;;;;;;ChIJYW1Zb-9kjEcRFXvLDxG1Vlw;26.09.2021;-10;16;33;-8;0;2
CH;Switzerland;;;;;;ChIJYW1Zb-9kjEcRFXvLDxG1Vlw;27.09.2021;-4;14;69;-6;-15;3
CH;Switzerland;;;;;;ChIJYW1Zb-9kjEcRFXvLDxG1Vlw;28.09.2021;-4;16;79;-6;-15;3
CH;Switzerland;;;;;;ChIJYW1Zb-9kjEcRFXvLDxG1Vlw;29.09.2021;-8;12;49;-11;-16;3
CH;Switzerland;;;;;;ChIJYW1Zb-9kjEcRFXvLDxG1Vlw;30.09.2021;-5;15;67;-8;-17;2
CH;Switzerland;;;;;;ChIJYW1Zb-9kjEcRFXvLDxG1Vlw;01.10.2021;-6;13;77;-7;-17;2
CH;Switzerland;;;;;;ChIJYW1Zb-9kjEcRFXvLDxG1Vlw;02.10.2021;-6;7;67;-4;-4;-2
CH;Switzerland;;;;;;ChIJYW1Zb-9kjEcRFXvLDxG1Vlw;03.10.2021;-9;15;39;-8;-5;1
CH;Switzerland;;;;;;ChIJYW1Zb-9kjEcRFXvLDxG1Vlw;04.10.2021;-11;9;12;-17;-21;5
CH;Switzerland;;;;;;ChIJYW1Zb-9kjEcRFXvLDxG1Vlw;05.10.2021;-10;10;30;-15;-21;5
CH;Switzerland;;;;;;ChIJYW1Zb-9kjEcRFXvLDxG1Vlw;06.10.2021;-11;8;27;-15;-20;4
CH;Switzerland;;;;;;ChIJYW1Zb-9kjEcRFXvLDxG1Vlw;07.10.2021;-10;11;39;-14;-21;4
CH;Switzerland;;;;;;ChIJYW1Zb-9kjEcRFXvLDxG1Vlw;08.10.2021;-11;9;47;-13;-21;4
CH;Switzerland;;;;;;ChIJYW1Zb-9kjEcRFXvLDxG1Vlw;09.10.2021;-10;5;41;-10;-7;0
CH;Switzerland;;;;;;ChIJYW1Zb-9kjEcRFXvLDxG1Vlw;10.10.2021;-8;14;67;-4;-6;0
CH;Switzerland;;;;;;ChIJYW1Zb-9kjEcRFXvLDxG1Vlw;11.10.2021;-8;7;67;-13;-23;4
CH;Switzerland;;;;;;ChIJYW1Zb-9kjEcRFXvLDxG1Vlw;12.10.2021;-9;10;55;-15;-22;5
CH;Switzerland;;;;;;ChIJYW1Zb-9kjEcRFXvLDxG1Vlw;13.10.2021;-11;7;41;-16;-22;4
CH;Switzerland;;;;;;ChIJYW1Zb-9kjEcRFXvLDxG1Vlw;14.10.2021;-9;9;61;-14;-23;3
CH;Switzerland;;;;;;ChIJYW1Zb-9kjEcRFXvLDxG1Vlw;15.10.2021;-11;9;58;-14;-23;4
CH;Switzerland;;;;;;ChIJYW1Zb-9kjEcRFXvLDxG1Vlw;16.10.2021;-11;4;53;-10;-6;0
CH;Switzerland;;;;;;ChIJYW1Zb-9kjEcRFXvLDxG1Vlw;17.10.2021;-6;14;78;-3;-5;0
CH;Switzerland;;;;;;ChIJYW1Zb-9kjEcRFXvLDxG1Vlw;18.10.2021;-9;8;65;-13;-20;4
CH;Switzerland;;;;;;ChIJYW1Zb-9kjEcRFXvLDxG1Vlw;19.10.2021;-8;9;70;-13;-20;4
CH;Switzerland;;;;;;ChIJYW1Zb-9kjEcRFXvLDxG1Vlw;20.10.2021;-9;6;58;-12;-19;3
CH;Switzerland;;;;;;ChIJYW1Zb-9kjEcRFXvLDxG1Vlw;21.10.2021;-10;10;25;-17;-21;4
CH;Switzerland;;;;;;ChIJYW1Zb-9kjEcRFXvLDxG1Vlw;22.10.2021;-8;5;29;-16;-20;5
CH;Switzerland;;;;;;ChIJYW1Zb-9kjEcRFXvLDxG1Vlw;23.10.2021;-7;2;51;-9;-4;0
CH;Switzerland;;;;;;ChIJYW1Zb-9kjEcRFXvLDxG1Vlw;24.10.2021;-4;15;83;-2;-4;0
CH;Switzerland;;;;;;ChIJYW1Zb-9kjEcRFXvLDxG1Vlw;25.10.2021;-2;6;49;-12;-16;4
CH;Switzerland;;;;;;ChIJYW1Zb-9kjEcRFXvLDxG1Vlw;26.10.2021;-2;9;48;-11;-15;4
CH;Switzerland;;;;;;ChIJYW1Zb-9kjEcRFXvLDxG1Vlw;27.10.2021;-4;7;44;-12;-15;3
CH;Switzerland;;;;;;ChIJYW1Zb-9kjEcRFXvLDxG1Vlw;28.10.2021;-3;9;40;-11;-16;3
CH;Switzerland;;;;;;ChIJYW1Zb-9kjEcRFXvLDxG1Vlw;29.10.2021;-3;11;42;-12;-16;3
CH;Switzerland;;;;;;ChIJYW1Zb-9kjEcRFXvLDxG1Vlw;30.10.2021;-4;8;2;-13;-3;1
CH;Switzerland;;;;;;ChIJYW1Zb-9kjEcRFXvLDxG1Vlw;31.10.2021;4;26;68;0;-3;1
CH;Switzerland;;;;;;ChIJYW1Zb-9kjEcRFXvLDxG1Vlw;01.11.2021;-18;-18;-2;-21;-36;11
CH;Switzerland;;;;;;ChIJYW1Zb-9kjEcRFXvLDxG1Vlw;02.11.2021;-4;13;22;-10;-12;4
CH;Switzerland;;;;;;ChIJYW1Zb-9kjEcRFXvLDxG1Vlw;03.11.2021;-10;4;-8;-15;-13;5
CH;Switzerland;;;;;;ChIJYW1Zb-9kjEcRFXvLDxG1Vlw;04.11.2021;-7;9;0;-15;-13;4
CH;Switzerland;;;;;;ChIJYW1Zb-9kjEcRFXvLDxG1Vlw;05.11.2021;-8;14;17;-14;-13;5
CH;Switzerland;;;;;;ChIJYW1Zb-9kjEcRFXvLDxG1Vlw;06.11.2021;-5;12;20;-14;-2;2
CH;Switzerland;;;;;;ChIJYW1Zb-9kjEcRFXvLDxG1Vlw;07.11.2021;-7;13;49;-7;-7;2
CH;Switzerland;;;;;;ChIJYW1Zb-9kjEcRFXvLDxG1Vlw;08.11.2021;-10;9;8;-15;-12;5
CH;Switzerland;;;;;;ChIJYW1Zb-9kjEcRFXvLDxG1Vlw;09.11.2021;-8;13;24;-12;-12;4
CH;Switzerland;;;;;;ChIJYW1Zb-9kjEcRFXvLDxG1Vlw;10.11.2021;-10;10;6;-15;-12;4
CH;Switzerland;;;;;;ChIJYW1Zb-9kjEcRFXvLDxG1Vlw;11.11.2021;-7;15;17;-13;-13;4
CH;Switzerland;;;;;;ChIJYW1Zb-9kjEcRFXvLDxG1Vlw;12.11.2021;-10;13;15;-16;-13;5
CH;Switzerland;;;;;;ChIJYW1Zb-9kjEcRFXvLDxG1Vlw;13.11.2021;-9;11;-12;-21;-4;3
CH;Switzerland;;;;;;ChIJYW1Zb-9kjEcRFXvLDxG1Vlw;14.11.2021;-22;-3;-13;-21;-8;4
CH;Switzerland;;;;;;ChIJYW1Zb-9kjEcRFXvLDxG1Vlw;15.11.2021;-12;8;-2;-17;-13;5
CH;Switzerland;;;;;;ChIJYW1Zb-9kjEcRFXvLDxG1Vlw;16.11.2021;-9;12;12;-14;-12;5
CH;Switzerland;;;;;;ChIJYW1Zb-9kjEcRFXvLDxG1Vlw;17.11.2021;-11;10;-3;-16;-12;5
CH;Switzerland;;;;;;ChIJYW1Zb-9kjEcRFXvLDxG1Vlw;18.11.2021;-10;13;8;-15;-13;4
CH;Switzerland;;;;;;ChIJYW1Zb-9kjEcRFXvLDxG1Vlw;19.11.2021;-10;12;13;-15;-13;5
CH;Switzerland;;;;;;ChIJYW1Zb-9kjEcRFXvLDxG1Vlw;20.11.2021;-9;10;7;-18;-3;3
CH;Switzerland;;;;;;ChIJYW1Zb-9kjEcRFXvLDxG1Vlw;21.11.2021;-15;3;23;-14;-7;3
CH;Switzerland;;;;;;ChIJYW1Zb-9kjEcRFXvLDxG1Vlw;22.11.2021;-12;8;-6;-17;-13;6
CH;Switzerland;;;;;;ChIJYW1Zb-9kjEcRFXvLDxG1Vlw;23.11.2021;-8;12;8;-16;-12;6
CH;Switzerland;;;;;;ChIJYW1Zb-9kjEcRFXvLDxG1Vlw;24.11.2021;-9;10;5;-16;-12;5
CH;Switzerland;;;;;;ChIJYW1Zb-9kjEcRFXvLDxG1Vlw;25.11.2021;-5;19;-3;-15;-13;5
CH;Switzerland;;;;;;ChIJYW1Zb-9kjEcRFXvLDxG1Vlw;26.11.2021;0;18;-4;-14;-13;5
CH;Switzerland;;;;;;ChIJYW1Zb-9kjEcRFXvLDxG1Vlw;27.11.2021;-4;14;-14;-16;-1;3
CH;Switzerland;;;;;;ChIJYW1Zb-9kjEcRFXvLDxG1Vlw;28.11.2021;-14;7;-14;-17;-5;4
CH;Switzerland;;;;;;ChIJYW1Zb-9kjEcRFXvLDxG1Vlw;29.11.2021;-8;13;-8;-16;-13;6
CH;Switzerland;;;;;;ChIJYW1Zb-9kjEcRFXvLDxG1Vlw;30.11.2021;-8;14;1;-15;-13;6
CH;Switzerland;;;;;;ChIJYW1Zb-9kjEcRFXvLDxG1Vlw;01.12.2021;-10;17;-10;-16;-13;6
CH;Switzerland;;;;;;ChIJYW1Zb-9kjEcRFXvLDxG1Vlw;02.12.2021;-12;14;-10;-18;-14;6
CH;Switzerland;;;;;;ChIJYW1Zb-9kjEcRFXvLDxG1Vlw;03.12.2021;-7;16;15;-14;-13;6
CH;Switzerland;;;;;;ChIJYW1Zb-9kjEcRFXvLDxG1Vlw;04.12.2021;-11;11;-26;-23;-4;6
CH;Switzerland;;;;;;ChIJYW1Zb-9kjEcRFXvLDxG1Vlw;05.12.2021;-13;10;8;-15;-5;5
CH;Switzerland;;;;;;ChIJYW1Zb-9kjEcRFXvLDxG1Vlw;06.12.2021;-7;15;4;-17;-14;7
CH;Switzerland;;;;;;ChIJYW1Zb-9kjEcRFXvLDxG1Vlw;07.12.2021;-4;17;25;-13;-14;6
CH;Switzerland;;;;;;ChIJYW1Zb-9kjEcRFXvLDxG1Vlw;08.12.2021;-19;-3;-24;-25;-27;11
CH;Switzerland;;;;;;ChIJYW1Zb-9kjEcRFXvLDxG1Vlw;09.12.2021;-9;18;-4;-18;-14;7
CH;Switzerland;;;;;;ChIJYW1Zb-9kjEcRFXvLDxG1Vlw;10.12.2021;-16;8;-13;-17;-15;9
CH;Switzerland;;;;;;ChIJYW1Zb-9kjEcRFXvLDxG1Vlw;11.12.2021;-8;14;-9;-19;1;5
CH;Switzerland;;;;;;ChIJYW1Zb-9kjEcRFXvLDxG1Vlw;12.12.2021;-1;33;17;-14;0;4
CH;Switzerland;;;;;;ChIJYW1Zb-9kjEcRFXvLDxG1Vlw;13.12.2021;-6;15;9;-17;-13;6
CH;Switzerland;;;;;;ChIJYW1Zb-9kjEcRFXvLDxG1Vlw;14.12.2021;-5;17;12;-16;-13;7
CH;Switzerland;;;;;;ChIJYW1Zb-9kjEcRFXvLDxG1Vlw;15.12.2021;-6;15;0;-17;-13;6
CH;Switzerland;;;;;;ChIJYW1Zb-9kjEcRFXvLDxG1Vlw;16.12.2021;-6;18;-3;-18;-14;6
CH;Switzerland;;;;;;ChIJYW1Zb-9kjEcRFXvLDxG1Vlw;17.12.2021;-6;16;4;-18;-12;7
CH;Switzerland;;;;;;ChIJYW1Zb-9kjEcRFXvLDxG1Vlw;18.12.2021;-6;12;8;-16;1;3
CH;Switzerland;;;;;;ChIJYW1Zb-9kjEcRFXvLDxG1Vlw;19.12.2021;11;95;12;-17;7;3
CH;Switzerland;;;;;;ChIJYW1Zb-9kjEcRFXvLDxG1Vlw;20.12.2021;0;17;4;-22;-23;8
CH;Switzerland;;;;;;ChIJYW1Zb-9kjEcRFXvLDxG1Vlw;21.12.2021;3;25;15;-21;-25;9
CH;Switzerland;;;;;;ChIJYW1Zb-9kjEcRFXvLDxG1Vlw;22.12.2021;1;29;3;-22;-26;8
CH;Switzerland;;;;;;ChIJYW1Zb-9kjEcRFXvLDxG1Vlw;23.12.2021;6;49;3;-23;-33;9
CH;Switzerland;;;;;;ChIJYW1Zb-9kjEcRFXvLDxG1Vlw;24.12.2021;-28;22;-17;-40;-61;16
CH;Switzerland;;;;;;ChIJYW1Zb-9kjEcRFXvLDxG1Vlw;25.12.2021;-80;-85;-34;-49;-56;10
CH;Switzerland;;;;;;ChIJYW1Zb-9kjEcRFXvLDxG1Vlw;26.12.2021;-40;-1;-11;-31;-18;4
CH;Switzerland;;;;;;ChIJYW1Zb-9kjEcRFXvLDxG1Vlw;27.12.2021;-6;10;11;-37;-62;16
CH;Switzerland;;;;;;ChIJYW1Zb-9kjEcRFXvLDxG1Vlw;28.12.2021;-10;9;3;-39;-61;17
CH;Switzerland;;;;;;ChIJYW1Zb-9kjEcRFXvLDxG1Vlw;29.12.2021;-16;9;-16;-41;-60;17
CH;Switzerland;;;;;;ChIJYW1Zb-9kjEcRFXvLDxG1Vlw;30.12.2021;-7;33;41;-33;-61;15
CH;Switzerland;;;;;;ChIJYW1Zb-9kjEcRFXvLDxG1Vlw;31.12.2021;-26;20;74;-34;-66;16
CH;Switzerland;;;;;;ChIJYW1Zb-9kjEcRFXvLDxG1Vlw;01.01.2022;-69;-81;44;-33;-52;10
CH;Switzerland;;;;;;ChIJYW1Zb-9kjEcRFXvLDxG1Vlw;02.01.2022;-26;14;29;-19;-6;5
CH;Switzerland;;;;;;ChIJYW1Zb-9kjEcRFXvLDxG1Vlw;03.01.2022;-15;12;11;-33;-39;13
CH;Switzerland;;;;;;ChIJYW1Zb-9kjEcRFXvLDxG1Vlw;04.01.2022;-17;10;14;-32;-39;14
CH;Switzerland;;;;;;ChIJYW1Zb-9kjEcRFXvLDxG1Vlw;05.01.2022;-22;7;-11;-36;-37;14
CH;Switzerland;;;;;;ChIJYW1Zb-9kjEcRFXvLDxG1Vlw;06.01.2022;-23;4;5;-34;-39;15
CH;Switzerland;;;;;;ChIJYW1Zb-9kjEcRFXvLDxG1Vlw;07.01.2022;-25;4;-13;-37;-36;16
CH;Switzerland;;;;;;ChIJYW1Zb-9kjEcRFXvLDxG1Vlw;08.01.2022;-25;0;-18;-32;-9;9
CH;Switzerland;;;;;;ChIJYW1Zb-9kjEcRFXvLDxG1Vlw;09.01.2022;-37;-13;-24;-33;-6;8
CH;Switzerland;;;;;;ChIJYW1Zb-9kjEcRFXvLDxG1Vlw;10.01.2022;-20;7;-9;-28;-21;10
CH;Switzerland;;;;;;ChIJYW1Zb-9kjEcRFXvLDxG1Vlw;11.01.2022;-19;8;5;-27;-22;11
CH;Switzerland;;;;;;ChIJYW1Zb-9kjEcRFXvLDxG1Vlw;12.01.2022;-21;5;0;-28;-22;10
CH;Switzerland;;;;;;ChIJYW1Zb-9kjEcRFXvLDxG1Vlw;13.01.2022;-21;7;1;-28;-23;10
CH;Switzerland;;;;;;ChIJYW1Zb-9kjEcRFXvLDxG1Vlw;14.01.2022;-20;7;11;-27;-20;10
CH;Switzerland;;;;;;ChIJYW1Zb-9kjEcRFXvLDxG1Vlw;15.01.2022;-19;3;10;-24;-5;6
CH;Switzerland;;;;;;ChIJYW1Zb-9kjEcRFXvLDxG1Vlw;16.01.2022;-20;0;39;-19;-4;4
CH;Switzerland;;;;;;ChIJYW1Zb-9kjEcRFXvLDxG1Vlw;17.01.2022;-18;6;6;-25;-19;9
CH;Switzerland;;;;;;ChIJYW1Zb-9kjEcRFXvLDxG1Vlw;18.01.2022;-17;7;14;-24;-20;9
CH;Switzerland;;;;;;ChIJYW1Zb-9kjEcRFXvLDxG1Vlw;19.01.2022;-19;5;1;-26;-20;9
CH;Switzerland;;;;;;ChIJYW1Zb-9kjEcRFXvLDxG1Vlw;20.01.2022;-20;6;-14;-28;-20;10
CH;Switzerland;;;;;;ChIJYW1Zb-9kjEcRFXvLDxG1Vlw;21.01.2022;-18;6;-3;-27;-18;10
CH;Switzerland;;;;;;ChIJYW1Zb-9kjEcRFXvLDxG1Vlw;22.01.2022;-15;5;2;-24;-3;6
CH;Switzerland;;;;;;ChIJYW1Zb-9kjEcRFXvLDxG1Vlw;23.01.2022;-18;-2;25;-19;-3;4
CH;Switzerland;;;;;;ChIJYW1Zb-9kjEcRFXvLDxG1Vlw;24.01.2022;-17;4;2;-26;-19;9
CH;Switzerland;;;;;;ChIJYW1Zb-9kjEcRFXvLDxG1Vlw;25.01.2022;-14;8;19;-23;-20;9
CH;Switzerland;;;;;;ChIJYW1Zb-9kjEcRFXvLDxG1Vlw;26.01.2022;-16;5;7;-24;-19;8
CH;Switzerland;;;;;;ChIJYW1Zb-9kjEcRFXvLDxG1Vlw;27.01.2022;-15;7;2;-24;-20;9
CH;Switzerland;;;;;;ChIJYW1Zb-9kjEcRFXvLDxG1Vlw;28.01.2022;-14;8;8;-24;-18;9
CH;Switzerland;;;;;;ChIJYW1Zb-9kjEcRFXvLDxG1Vlw;29.01.2022;-10;5;15;-18;-2;4
CH;Switzerland;;;;;;ChIJYW1Zb-9kjEcRFXvLDxG1Vlw;30.01.2022;-12;2;32;-16;-2;4
CH;Switzerland;;;;;;ChIJYW1Zb-9kjEcRFXvLDxG1Vlw;31.01.2022;-18;1;-16;-27;-20;9
CH;Switzerland;;;;;;ChIJYW1Zb-9kjEcRFXvLDxG1Vlw;01.02.2022;-16;4;-2;-24;-20;9
CH;Switzerland;;;;;;ChIJYW1Zb-9kjEcRFXvLDxG1Vlw;02.02.2022;-18;3;-17;-26;-20;9
CH;Switzerland;;;;;;ChIJYW1Zb-9kjEcRFXvLDxG1Vlw;03.02.2022;-14;7;4;-23;-20;8
CH;Switzerland;;;;;;ChIJYW1Zb-9kjEcRFXvLDxG1Vlw;04.02.2022;-13;7;13;-22;-18;8
CH;Switzerland;;;;;;ChIJYW1Zb-9kjEcRFXvLDxG1Vlw;05.02.2022;-8;5;30;-13;-2;3
CH;Switzerland;;;;;;ChIJYW1Zb-9kjEcRFXvLDxG1Vlw;06.02.2022;-16;-4;-1;-21;-1;4
CH;Switzerland;;;;;;ChIJYW1Zb-9kjEcRFXvLDxG1Vlw;07.02.2022;-14;4;10;-22;-18;8
CH;Switzerland;;;;;;ChIJYW1Zb-9kjEcRFXvLDxG1Vlw;08.02.2022;-9;7;47;-17;-18;7
CH;Switzerland;;;;;;ChIJYW1Zb-9kjEcRFXvLDxG1Vlw;09.02.2022;-11;3;39;-17;-18;6
CH;Switzerland;;;;;;ChIJYW1Zb-9kjEcRFXvLDxG1Vlw;10.02.2022;-11;7;29;-18;-19;6
CH;Switzerland;;;;;;ChIJYW1Zb-9kjEcRFXvLDxG1Vlw;11.02.2022;-13;6;6;-22;-17;8
CH;Switzerland;;;;;;ChIJYW1Zb-9kjEcRFXvLDxG1Vlw;12.02.2022;-8;4;24;-14;-2;2
CH;Switzerland;;;;;;ChIJYW1Zb-9kjEcRFXvLDxG1Vlw;13.02.2022;3;9;70;-2;2;1
CH;Switzerland;;;;;;ChIJYW1Zb-9kjEcRFXvLDxG1Vlw;14.02.2022;-8;7;1;-23;-19;7
CH;Switzerland;;;;;;ChIJYW1Zb-9kjEcRFXvLDxG1Vlw;15.02.2022;-14;2;10;-22;-19;7
CH;Switzerland;;;;;;ChIJYW1Zb-9kjEcRFXvLDxG1Vlw;16.02.2022;-17;-2;-12;-25;-18;8
CH;Switzerland;;;;;;ChIJYW1Zb-9kjEcRFXvLDxG1Vlw;17.02.2022;-12;3;-1;-23;-18;7
CH;Switzerland;;;;;;ChIJYW1Zb-9kjEcRFXvLDxG1Vlw;18.02.2022;-10;3;22;-20;-17;6
CH;Switzerland;;;;;;ChIJYW1Zb-9kjEcRFXvLDxG1Vlw;19.02.2022;-8;2;11;-16;0;2
CH;Switzerland;;;;;;ChIJYW1Zb-9kjEcRFXvLDxG1Vlw;20.02.2022;-5;2;26;-12;3;2
CH;Switzerland;;;;;;ChIJYW1Zb-9kjEcRFXvLDxG1Vlw;21.02.2022;-15;-2;-11;-23;-17;7
CH;Switzerland;;;;;;ChIJYW1Zb-9kjEcRFXvLDxG1Vlw;22.02.2022;-9;3;28;-17;-17;6
CH;Switzerland;;;;;;ChIJYW1Zb-9kjEcRFXvLDxG1Vlw;23.02.2022;-10;1;37;-15;-16;5
CH;Switzerland;;;;;;ChIJYW1Zb-9kjEcRFXvLDxG1Vlw;24.02.2022;-10;3;31;-16;-18;5
CH;Switzerland;;;;;;ChIJYW1Zb-9kjEcRFXvLDxG1Vlw;25.02.2022;-8;7;18;-18;-17;6
CH;Switzerland;;;;;;ChIJYW1Zb-9kjEcRFXvLDxG1Vlw;26.02.2022;-5;4;25;-9;0;1
CH;Switzerland;;;;;;ChIJYW1Zb-9kjEcRFXvLDxG1Vlw;27.02.2022;7;13;57;1;5;0
CH;Switzerland;;;;;;ChIJYW1Zb-9kjEcRFXvLDxG1Vlw;28.02.2022;-6;5;53;-12;-19;5
CH;Switzerland;;;;;;ChIJYW1Zb-9kjEcRFXvLDxG1Vlw;01.03.2022;-6;5;60;-11;-19;5
CH;Switzerland;;;;;;ChIJYW1Zb-9kjEcRFXvLDxG1Vlw;02.03.2022;-11;4;25;-15;-17;5
CH;Switzerland;;;;;;ChIJYW1Zb-9kjEcRFXvLDxG1Vlw;03.03.2022;-10;6;36;-15;-18;4
CH;Switzerland;;;;;;ChIJYW1Zb-9kjEcRFXvLDxG1Vlw;04.03.2022;-10;7;30;-17;-17;5
CH;Switzerland;;;;;;ChIJYW1Zb-9kjEcRFXvLDxG1Vlw;05.03.2022;-7;5;26;-11;-1;1
CH;Switzerland;;;;;;ChIJYW1Zb-9kjEcRFXvLDxG1Vlw;06.03.2022;-1;8;37;-6;2;1
CH;Switzerland;;;;;;ChIJYW1Zb-9kjEcRFXvLDxG1Vlw;07.03.2022;-11;5;21;-15;-16;5
CH;Switzerland;;;;;;ChIJYW1Zb-9kjEcRFXvLDxG1Vlw;08.03.2022;-8;8;38;-12;-15;4
CH;Switzerland;;;;;;ChIJYW1Zb-9kjEcRFXvLDxG1Vlw;09.03.2022;-13;2;30;-13;-15;4
CH;Switzerland;;;;;;ChIJYW1Zb-9kjEcRFXvLDxG1Vlw;10.03.2022;-13;5;26;-14;-15;4
CH;Switzerland;;;;;;ChIJYW1Zb-9kjEcRFXvLDxG1Vlw;11.03.2022;-14;5;19;-17;-14;6
CH;Switzerland;;;;;;ChIJYW1Zb-9kjEcRFXvLDxG1Vlw;12.03.2022;-10;3;14;-12;0;2
CH;Switzerland;;;;;;ChIJYW1Zb-9kjEcRFXvLDxG1Vlw;13.03.2022;-5;4;40;-5;2;1
CH;Switzerland;;;;;;ChIJYW1Zb-9kjEcRFXvLDxG1Vlw;14.03.2022;-14;3;27;-14;-12;5
CH;Switzerland;;;;;;ChIJYW1Zb-9kjEcRFXvLDxG1Vlw;15.03.2022;-15;4;10;-15;-13;6
CH;Switzerland;;;;;;ChIJYW1Zb-9kjEcRFXvLDxG1Vlw;16.03.2022;-14;2;23;-14;-12;5
CH;Switzerland;;;;;;ChIJYW1Zb-9kjEcRFXvLDxG1Vlw;17.03.2022;-14;6;14;-16;-13;5
CH;Switzerland;;;;;;ChIJYW1Zb-9kjEcRFXvLDxG1Vlw;18.03.2022;-14;6;4;-19;-13;6
CH;Switzerland;;;;;;ChIJYW1Zb-9kjEcRFXvLDxG1Vlw;19.03.2022;-10;0;20;-12;-2;2
CH;Switzerland;;;;;;ChIJYW1Zb-9kjEcRFXvLDxG1Vlw;20.03.2022;-2;10;54;-4;1;1
CH;Switzerland;;;;;;ChIJYW1Zb-9kjEcRFXvLDxG1Vlw;21.03.2022;-13;5;32;-14;-11;5
CH;Switzerland;;;;;;ChIJYW1Zb-9kjEcRFXvLDxG1Vlw;22.03.2022;-11;6;54;-11;-10;4
CH;Switzerland;;;;;;ChIJYW1Zb-9kjEcRFXvLDxG1Vlw;23.03.2022;-12;5;44;-12;-10;3
CH;Switzerland;;;;;;ChIJYW1Zb-9kjEcRFXvLDxG1Vlw;24.03.2022;-11;8;40;-12;-11;3
CH;Switzerland;;;;;;ChIJYW1Zb-9kjEcRFXvLDxG1Vlw;25.03.2022;-8;11;46;-12;-11;4
CH;Switzerland;;;;;;ChIJYW1Zb-9kjEcRFXvLDxG1Vlw;26.03.2022;-5;7;50;-6;2;0
CH;Switzerland;;;;;;ChIJYW1Zb-9kjEcRFXvLDxG1Vlw;27.03.2022;2;12;81;2;3;-1
CH;Switzerland;;;;;;ChIJYW1Zb-9kjEcRFXvLDxG1Vlw;28.03.2022;-10;6;52;-11;-10;3
CH;Switzerland;;;;;;ChIJYW1Zb-9kjEcRFXvLDxG1Vlw;29.03.2022;-9;9;43;-11;-9;4
CH;Switzerland;;;;;;ChIJYW1Zb-9kjEcRFXvLDxG1Vlw;30.03.2022;-13;5;-1;-15;-9;4
CH;Switzerland;;;;;;ChIJYW1Zb-9kjEcRFXvLDxG1Vlw;31.03.2022;-13;7;-6;-16;-10;4
CH;Switzerland;;;;;;ChIJYW1Zb-9kjEcRFXvLDxG1Vlw;01.04.2022;-16;3;-15;-19;-9;5
CH;Switzerland;;;;;;ChIJYW1Zb-9kjEcRFXvLDxG1Vlw;02.04.2022;-13;4;-28;-22;-1;4
CH;Switzerland;;;;;;ChIJYW1Zb-9kjEcRFXvLDxG1Vlw;03.04.2022;-14;-5;-10;-18;-1;4
CH;Switzerland;;;;;;ChIJYW1Zb-9kjEcRFXvLDxG1Vlw;04.04.2022;-11;6;18;-13;-9;3
CH;Switzerland;;;;;;ChIJYW1Zb-9kjEcRFXvLDxG1Vlw;05.04.2022;-9;8;30;-11;-9;3
CH;Switzerland;;;;;;ChIJYW1Zb-9kjEcRFXvLDxG1Vlw;06.04.2022;-10;7;30;-10;-9;2
CH;Switzerland;;;;;;ChIJYW1Zb-9kjEcRFXvLDxG1Vlw;07.04.2022;-14;6;-7;-15;-10;4
CH;Switzerland;;;;;;ChIJYW1Zb-9kjEcRFXvLDxG1Vlw;08.04.2022;-11;9;-3;-14;-10;4
CH;Switzerland;;;;;;ChIJYW1Zb-9kjEcRFXvLDxG1Vlw;09.04.2022;-7;9;-7;-14;1;2
CH;Switzerland;;;;;;ChIJYW1Zb-9kjEcRFXvLDxG1Vlw;10.04.2022;1;12;54;1;2;0
CH;Switzerland;;;;;;ChIJYW1Zb-9kjEcRFXvLDxG1Vlw;11.04.2022;-6;9;53;-9;-13;3
CH;Switzerland;;;;;;ChIJYW1Zb-9kjEcRFXvLDxG1Vlw;12.04.2022;-4;13;75;-6;-13;2
CH;Switzerland;;;;;;ChIJYW1Zb-9kjEcRFXvLDxG1Vlw;13.04.2022;-6;16;63;-8;-14;1
CH;Switzerland;;;;;;ChIJYW1Zb-9kjEcRFXvLDxG1Vlw;14.04.2022;0;34;71;-6;-20;0
CH;Switzerland;;;;;;ChIJYW1Zb-9kjEcRFXvLDxG1Vlw;15.04.2022;-49;-64;117;-31;-78;17
CH;Switzerland;;;;;;ChIJYW1Zb-9kjEcRFXvLDxG1Vlw;16.04.2022;-15;14;51;-17;-11;1
CH;Switzerland;;;;;;ChIJYW1Zb-9kjEcRFXvLDxG1Vlw;17.04.2022;-16;-4;86;-7;-8;-3
CH;Switzerland;;;;;;ChIJYW1Zb-9kjEcRFXvLDxG1Vlw;18.04.2022;-43;-66;172;-24;-82;13
CH;Switzerland;;;;;;ChIJYW1Zb-9kjEcRFXvLDxG1Vlw;19.04.2022;-10;15;86;-12;-24;3
CH;Switzerland;;;;;;ChIJYW1Zb-9kjEcRFXvLDxG1Vlw;20.04.2022;-13;3;60;-15;-22;3
CH;Switzerland;;;;;;ChIJYW1Zb-9kjEcRFXvLDxG1Vlw;21.04.2022;-12;6;57;-15;-23;3
CH;Switzerland;;;;;;ChIJYW1Zb-9kjEcRFXvLDxG1Vlw;22.04.2022;-12;6;54;-16;-22;4
CH;Switzerland;;;;;;ChIJYW1Zb-9kjEcRFXvLDxG1Vlw;23.04.2022;-14;3;2;-16;-2;1
CH;Switzerland;;;;;;ChIJYW1Zb-9kjEcRFXvLDxG1Vlw;24.04.2022;-19;-6;-8;-16;-1;3
CH;Switzerland;;;;;;ChIJYW1Zb-9kjEcRFXvLDxG1Vlw;25.04.2022;-10;7;10;-12;-15;4
CH;Switzerland;;;;;;ChIJYW1Zb-9kjEcRFXvLDxG1Vlw;26.04.2022;-8;9;32;-10;-12;3
CH;Switzerland;;;;;;ChIJYW1Zb-9kjEcRFXvLDxG1Vlw;27.04.2022;-7;7;57;-7;-11;1
CH;Switzerland;;;;;;ChIJYW1Zb-9kjEcRFXvLDxG1Vlw;28.04.2022;-5;11;64;-6;-12;1
CH;Switzerland;;;;;;ChIJYW1Zb-9kjEcRFXvLDxG1Vlw;29.04.2022;-6;9;64;-7;-12;1
CH;Switzerland;;;;;;ChIJYW1Zb-9kjEcRFXvLDxG1Vlw;30.04.2022;-7;8;14;-9;2;0
CH;Switzerland;;;;;;ChIJYW1Zb-9kjEcRFXvLDxG1Vlw;01.05.2022;1;15;69;4;3;-1
CH;Switzerland;;;;;;ChIJYW1Zb-9kjEcRFXvLDxG1Vlw;02.05.2022;-6;10;59;-5;-9;2
CH;Switzerland;;;;;;ChIJYW1Zb-9kjEcRFXvLDxG1Vlw;03.05.2022;-6;11;52;-4;-7;2
CH;Switzerland;;;;;;ChIJYW1Zb-9kjEcRFXvLDxG1Vlw;04.05.2022;-7;9;31;-6;-7;1
CH;Switzerland;;;;;;ChIJYW1Zb-9kjEcRFXvLDxG1Vlw;05.05.2022;-10;10;2;-9;-9;2
CH;Switzerland;;;;;;ChIJYW1Zb-9kjEcRFXvLDxG1Vlw;06.05.2022;-7;12;23;-9;-9;2
CH;Switzerland;;;;;;ChIJYW1Zb-9kjEcRFXvLDxG1Vlw;07.05.2022;-3;11;37;-5;3;-1
CH;Switzerland;;;;;;ChIJYW1Zb-9kjEcRFXvLDxG1Vlw;08.05.2022;4;13;52;2;5;-2
CH;Switzerland;;;;;;ChIJYW1Zb-9kjEcRFXvLDxG1Vlw;09.05.2022;-8;7;64;-6;-8;2
CH;Switzerland;;;;;;ChIJYW1Zb-9kjEcRFXvLDxG1Vlw;10.05.2022;-3;12;97;-1;-7;0
CH;Switzerland;;;;;;ChIJYW1Zb-9kjEcRFXvLDxG1Vlw;11.05.2022;-5;10;95;-2;-7;-1
CH;Switzerland;;;;;;ChIJYW1Zb-9kjEcRFXvLDxG1Vlw;12.05.2022;-6;13;69;-4;-8;0
CH;Switzerland;;;;;;ChIJYW1Zb-9kjEcRFXvLDxG1Vlw;13.05.2022;-6;13;63;-7;-9;1
CH;Switzerland;;;;;;ChIJYW1Zb-9kjEcRFXvLDxG1Vlw;14.05.2022;-5;8;90;1;2;-3
CH;Switzerland;;;;;;ChIJYW1Zb-9kjEcRFXvLDxG1Vlw;15.05.2022;4;23;119;11;3;-3
CH;Switzerland;;;;;;ChIJYW1Zb-9kjEcRFXvLDxG1Vlw;16.05.2022;-8;10;59;-5;-7;1
CH;Switzerland;;;;;;ChIJYW1Zb-9kjEcRFXvLDxG1Vlw;17.05.2022;-4;13;107;0;-6;0
CH;Switzerland;;;;;;ChIJYW1Zb-9kjEcRFXvLDxG1Vlw;18.05.2022;-6;11;99;-1;-7;-1
CH;Switzerland;;;;;;ChIJYW1Zb-9kjEcRFXvLDxG1Vlw;19.05.2022;-6;13;67;-4;-8;0
CH;Switzerland;;;;;;ChIJYW1Zb-9kjEcRFXvLDxG1Vlw;20.05.2022;-7;13;100;-3;-9;0
CH;Switzerland;;;;;;ChIJYW1Zb-9kjEcRFXvLDxG1Vlw;21.05.2022;-6;8;85;2;3;-3
CH;Switzerland;;;;;;ChIJYW1Zb-9kjEcRFXvLDxG1Vlw;22.05.2022;1;17;88;6;2;-2
CH;Switzerland;;;;;;ChIJYW1Zb-9kjEcRFXvLDxG1Vlw;23.05.2022;-10;9;43;-7;-9;3
CH;Switzerland;;;;;;ChIJYW1Zb-9kjEcRFXvLDxG1Vlw;24.05.2022;-4;14;49;-4;-8;2
CH;Switzerland;;;;;;ChIJYW1Zb-9kjEcRFXvLDxG1Vlw;25.05.2022;7;33;85;4;-10;-3
CH;Switzerland;;;;;;ChIJYW1Zb-9kjEcRFXvLDxG1Vlw;26.05.2022;-39;-67;203;-18;-81;13
CH;Switzerland;;;;;;ChIJYW1Zb-9kjEcRFXvLDxG1Vlw;27.05.2022;-3;23;149;-14;-49;7
CH;Switzerland;;;;;;ChIJYW1Zb-9kjEcRFXvLDxG1Vlw;28.05.2022;-12;1;87;-5;-6;-2
CH;Switzerland;;;;;;ChIJYW1Zb-9kjEcRFXvLDxG1Vlw;29.05.2022;-6;13;69;4;1;-3
CH;Switzerland;;;;;;ChIJYW1Zb-9kjEcRFXvLDxG1Vlw;30.05.2022;-3;15;75;-2;-10;1
CH;Switzerland;;;;;;ChIJYW1Zb-9kjEcRFXvLDxG1Vlw;31.05.2022;-4;14;56;-1;-9;2
CH;Switzerland;;;;;;ChIJYW1Zb-9kjEcRFXvLDxG1Vlw;01.06.2022;-7;12;41;-5;-9;1
CH;Switzerland;;;;;;ChIJYW1Zb-9kjEcRFXvLDxG1Vlw;02.06.2022;-6;15;68;-3;-10;0
CH;Switzerland;;;;;;ChIJYW1Zb-9kjEcRFXvLDxG1Vlw;03.06.2022;-8;15;67;-6;-11;1
CH;Switzerland;;;;;;ChIJYW1Zb-9kjEcRFXvLDxG1Vlw;04.06.2022;-7;13;105;4;0;-4
CH;Switzerland;;;;;;ChIJYW1Zb-9kjEcRFXvLDxG1Vlw;05.06.2022;-5;10;50;-5;-4;0
CH;Switzerland;;;;;;ChIJYW1Zb-9kjEcRFXvLDxG1Vlw;06.06.2022;-36;-61;171;-20;-79;14
CH;Switzerland;;;;;;ChIJYW1Zb-9kjEcRFXvLDxG1Vlw;07.06.2022;-4;28;62;-1;-8;1
CH;Switzerland;;;;;;ChIJYW1Zb-9kjEcRFXvLDxG1Vlw;08.06.2022;-7;14;49;-3;-8;1
CH;Switzerland;;;;;;ChIJYW1Zb-9kjEcRFXvLDxG1Vlw;09.06.2022;-4;15;44;-4;-10;1
CH;Switzerland;;;;;;ChIJYW1Zb-9kjEcRFXvLDxG1Vlw;10.06.2022;-4;14;110;-1;-9;0
CH;Switzerland;;;;;;ChIJYW1Zb-9kjEcRFXvLDxG1Vlw;11.06.2022;-7;7;118;8;4;-5
CH;Switzerland;;;;;;ChIJYW1Zb-9kjEcRFXvLDxG1Vlw;12.06.2022;0;24;133;14;6;-4
CH;Switzerland;;;;;;ChIJYW1Zb-9kjEcRFXvLDxG1Vlw;13.06.2022;-5;14;87;-1;-9;1
CH;Switzerland;;;;;;ChIJYW1Zb-9kjEcRFXvLDxG1Vlw;14.06.2022;-2;15;134;4;-8;0
CH;Switzerland;;;;;;ChIJYW1Zb-9kjEcRFXvLDxG1Vlw;15.06.2022;-4;17;108;1;-9;-1
CH;Switzerland;;;;;;ChIJYW1Zb-9kjEcRFXvLDxG1Vlw;16.06.2022;-12;-2;134;-4;-29;4
CH;Switzerland;;;;;;ChIJYW1Zb-9kjEcRFXvLDxG1Vlw;17.06.2022;-7;18;147;-3;-18;1
CH;Switzerland;;;;;;ChIJYW1Zb-9kjEcRFXvLDxG1Vlw;18.06.2022;-13;5;135;6;0;-5
CH;Switzerland;;;;;;ChIJYW1Zb-9kjEcRFXvLDxG1Vlw;19.06.2022;-8;25;131;8;3;-4
CH;Switzerland;;;;;;ChIJYW1Zb-9kjEcRFXvLDxG1Vlw;20.06.2022;-6;16;112;-2;-10;1
CH;Switzerland;;;;;;ChIJYW1Zb-9kjEcRFXvLDxG1Vlw;21.06.2022;-5;15;114;1;-9;1
CH;Switzerland;;;;;;ChIJYW1Zb-9kjEcRFXvLDxG1Vlw;22.06.2022;-8;11;50;-5;-10;2
CH;Switzerland;;;;;;ChIJYW1Zb-9kjEcRFXvLDxG1Vlw;23.06.2022;-8;12;78;-2;-11;1
CH;Switzerland;;;;;;ChIJYW1Zb-9kjEcRFXvLDxG1Vlw;24.06.2022;-7;13;60;-6;-12;2
CH;Switzerland;;;;;;ChIJYW1Zb-9kjEcRFXvLDxG1Vlw;25.06.2022;-4;8;126;12;5;-6
CH;Switzerland;;;;;;ChIJYW1Zb-9kjEcRFXvLDxG1Vlw;26.06.2022;2;25;116;12;6;-3
CH;Switzerland;;;;;;ChIJYW1Zb-9kjEcRFXvLDxG1Vlw;27.06.2022;-5;14;62;-4;-11;2
CH;Switzerland;;;;;;ChIJYW1Zb-9kjEcRFXvLDxG1Vlw;28.06.2022;-1;16;72;-1;-10;2
CH;Switzerland;;;;;;ChIJYW1Zb-9kjEcRFXvLDxG1Vlw;29.06.2022;-3;11;107;0;-12;0
CH;Switzerland;;;;;;ChIJYW1Zb-9kjEcRFXvLDxG1Vlw;30.06.2022;-4;15;74;-1;-12;0
CH;Switzerland;;;;;;ChIJYW1Zb-9kjEcRFXvLDxG1Vlw;01.07.2022;-4;15;79;-4;-14;1
CH;Switzerland;;;;;;ChIJYW1Zb-9kjEcRFXvLDxG1Vlw;02.07.2022;-8;7;112;9;1;-5
CH;Switzerland;;;;;;ChIJYW1Zb-9kjEcRFXvLDxG1Vlw;03.07.2022;-3;25;126;12;3;-4
CH;Switzerland;;;;;;ChIJYW1Zb-9kjEcRFXvLDxG1Vlw;04.07.2022;-6;12;63;-5;-15;3
CH;Switzerland;;;;;;ChIJYW1Zb-9kjEcRFXvLDxG1Vlw;05.07.2022;-1;15;124;1;-13;1
CH;Switzerland;;;;;;ChIJYW1Zb-9kjEcRFXvLDxG1Vlw;06.07.2022;-5;11;114;-1;-13;0
CH;Switzerland;;;;;;ChIJYW1Zb-9kjEcRFXvLDxG1Vlw;07.07.2022;-5;14;94;-4;-15;0
CH;Switzerland;;;;;;ChIJYW1Zb-9kjEcRFXvLDxG1Vlw;08.07.2022;-7;12;118;-4;-16;0
CH;Switzerland;;;;;;ChIJYW1Zb-9kjEcRFXvLDxG1Vlw;09.07.2022;-13;4;109;4;-3;-4
CH;Switzerland;;;;;;ChIJYW1Zb-9kjEcRFXvLDxG1Vlw;10.07.2022;-3;22;118;10;0;-4
CH;Switzerland;;;;;;ChIJYW1Zb-9kjEcRFXvLDxG1Vlw;11.07.2022;-5;11;126;-4;-20;1
CH;Switzerland;;;;;;ChIJYW1Zb-9kjEcRFXvLDxG1Vlw;12.07.2022;-3;12;155;-1;-18;0
CH;Switzerland;;;;;;ChIJYW1Zb-9kjEcRFXvLDxG1Vlw;13.07.2022;-9;8;135;-4;-19;0
CH;Switzerland;;;;;;ChIJYW1Zb-9kjEcRFXvLDxG1Vlw;14.07.2022;-9;11;133;-6;-21;1
CH;Switzerland;;;;;;ChIJYW1Zb-9kjEcRFXvLDxG1Vlw;15.07.2022;-14;4;149;-9;-22;2
CH;Switzerland;;;;;;ChIJYW1Zb-9kjEcRFXvLDxG1Vlw;16.07.2022;-16;2;122;0;-5;-4
CH;Switzerland;;;;;;ChIJYW1Zb-9kjEcRFXvLDxG1Vlw;17.07.2022;-5;22;127;8;-1;-4
CH;Switzerland;;;;;;ChIJYW1Zb-9kjEcRFXvLDxG1Vlw;18.07.2022;-11;7;143;-9;-27;4
CH;Switzerland;;;;;;ChIJYW1Zb-9kjEcRFXvLDxG1Vlw;19.07.2022;-11;7;181;-7;-26;11
CH;Switzerland;;;;;;ChIJYW1Zb-9kjEcRFXvLDxG1Vlw;20.07.2022;-16;4;105;-11;-26;3
CH;Switzerland;;;;;;ChIJYW1Zb-9kjEcRFXvLDxG1Vlw;21.07.2022;-12;8;130;-9;-27;2
CH;Switzerland;;;;;;ChIJYW1Zb-9kjEcRFXvLDxG1Vlw;22.07.2022;-17;3;141;-12;-28;2
CH;Switzerland;;;;;;ChIJYW1Zb-9kjEcRFXvLDxG1Vlw;23.07.2022;-20;-2;83;-8;-9;-1
CH;Switzerland;;;;;;ChIJYW1Zb-9kjEcRFXvLDxG1Vlw;24.07.2022;-14;12;122;1;-3;-3
CH;Switzerland;;;;;;ChIJYW1Zb-9kjEcRFXvLDxG1Vlw;25.07.2022;-12;6;128;-12;-34;4
CH;Switzerland;;;;;;ChIJYW1Zb-9kjEcRFXvLDxG1Vlw;26.07.2022;-7;9;148;-9;-32;4
CH;Switzerland;;;;;;ChIJYW1Zb-9kjEcRFXvLDxG1Vlw;27.07.2022;-11;4;134;-10;-32;2
CH;Switzerland;;;;;;ChIJYW1Zb-9kjEcRFXvLDxG1Vlw;28.07.2022;-12;6;123;-12;-34;3
CH;Switzerland;;;;;;ChIJYW1Zb-9kjEcRFXvLDxG1Vlw;29.07.2022;-16;6;78;-17;-35;5
CH;Switzerland;;;;;;ChIJYW1Zb-9kjEcRFXvLDxG1Vlw;30.07.2022;-19;3;97;-5;-9;-3
CH;Switzerland;;;;;;ChIJYW1Zb-9kjEcRFXvLDxG1Vlw;31.07.2022;-2;27;152;11;0;-5
CH;Switzerland;;;;;;ChIJYW1Zb-9kjEcRFXvLDxG1Vlw;01.08.2022;-46;-67;254;-18;-81;10
CH;Switzerland;;;;;;ChIJYW1Zb-9kjEcRFXvLDxG1Vlw;02.08.2022;-10;19;174;-7;-35;3
CH;Switzerland;;;;;;ChIJYW1Zb-9kjEcRFXvLDxG1Vlw;03.08.2022;-14;5;160;-9;-33;2
CH;Switzerland;;;;;;ChIJYW1Zb-9kjEcRFXvLDxG1Vlw;04.08.2022;-15;7;153;-12;-35;3
CH;Switzerland;;;;;;ChIJYW1Zb-9kjEcRFXvLDxG1Vlw;05.08.2022;-18;5;114;-15;-35;5
CH;Switzerland;;;;;;ChIJYW1Zb-9kjEcRFXvLDxG1Vlw;06.08.2022;-16;1;84;-4;-10;-1
CH;Switzerland;;;;;;ChIJYW1Zb-9kjEcRFXvLDxG1Vlw;07.08.2022;-5;16;93;3;0;-1
CH;Switzerland;;;;;;ChIJYW1Zb-9kjEcRFXvLDxG1Vlw;08.08.2022;-5;10;148;-6;-26;3
CH;Switzerland;;;;;;ChIJYW1Zb-9kjEcRFXvLDxG1Vlw;09.08.2022;-5;10;185;-3;-25;2
CH;Switzerland;;;;;;ChIJYW1Zb-9kjEcRFXvLDxG1Vlw;10.08.2022;-8;7;153;-5;-24;1
CH;Switzerland;;;;;;ChIJYW1Zb-9kjEcRFXvLDxG1Vlw;11.08.2022;-7;10;150;-6;-25;1
CH;Switzerland;;;;;;ChIJYW1Zb-9kjEcRFXvLDxG1Vlw;12.08.2022;-10;9;163;-6;-26;2
CH;Switzerland;;;;;;ChIJYW1Zb-9kjEcRFXvLDxG1Vlw;13.08.2022;-13;3;148;16;-5;-4
CH;Switzerland;;;;;;ChIJYW1Zb-9kjEcRFXvLDxG1Vlw;14.08.2022;0;24;117;12;3;-1
CH;Switzerland;;;;;;ChIJYW1Zb-9kjEcRFXvLDxG1Vlw;15.08.2022;-11;-4;128;-5;-34;9
CH;Switzerland;;;;;;ChIJYW1Zb-9kjEcRFXvLDxG1Vlw;16.08.2022;-1;19;177;4;-17;4
CH;Switzerland;;;;;;ChIJYW1Zb-9kjEcRFXvLDxG1Vlw;17.08.2022;-7;14;105;-1;-16;5
CH;Switzerland;;;;;;ChIJYW1Zb-9kjEcRFXvLDxG1Vlw;18.08.2022;-5;16;78;-4;-18;6
CH;Switzerland;;;;;;ChIJYW1Zb-9kjEcRFXvLDxG1Vlw;19.08.2022;-8;11;67;-7;-19;8
CH;Switzerland;;;;;;ChIJYW1Zb-9kjEcRFXvLDxG1Vlw;20.08.2022;-8;8;86;4;-2;1
CH;Switzerland;;;;;;ChIJYW1Zb-9kjEcRFXvLDxG1Vlw;21.08.2022;6;29;135;17;6;0
CH;Switzerland;;;;;;ChIJYW1Zb-9kjEcRFXvLDxG1Vlw;22.08.2022;-3;14;131;2;-15;5
CH;Switzerland;;;;;;ChIJYW1Zb-9kjEcRFXvLDxG1Vlw;23.08.2022;-1;16;166;6;-13;4
CH;Switzerland;;;;;;ChIJYW1Zb-9kjEcRFXvLDxG1Vlw;24.08.2022;-3;14;140;4;-13;4
CH;Switzerland;;;;;;ChIJYW1Zb-9kjEcRFXvLDxG1Vlw;25.08.2022;-1;19;134;4;-14;3
CH;Switzerland;;;;;;ChIJYW1Zb-9kjEcRFXvLDxG1Vlw;26.08.2022;-4;16;114;1;-16;5
CH;Switzerland;;;;;;ChIJYW1Zb-9kjEcRFXvLDxG1Vlw;27.08.2022;-5;8;90;8;-2;0
CH;Switzerland;;;;;;ChIJYW1Zb-9kjEcRFXvLDxG1Vlw;28.08.2022;6;25;102;15;4;-1
CH;Switzerland;;;;;;ChIJYW1Zb-9kjEcRFXvLDxG1Vlw;29.08.2022;-3;14;115;2;-14;3
CH;Switzerland;;;;;;ChIJYW1Zb-9kjEcRFXvLDxG1Vlw;30.08.2022;-3;15;106;2;-12;3
CH;Switzerland;;;;;;ChIJYW1Zb-9kjEcRFXvLDxG1Vlw;31.08.2022;-4;14;71;-1;-13;3
CH;Switzerland;;;;;;ChIJYW1Zb-9kjEcRFXvLDxG1Vlw;01.09.2022;-4;15;86;-1;-14;1
CH;Switzerland;;;;;;ChIJYW1Zb-9kjEcRFXvLDxG1Vlw;02.09.2022;-6;12;91;-2;-15;1
CH;Switzerland;;;;;;ChIJYW1Zb-9kjEcRFXvLDxG1Vlw;03.09.2022;-6;7;56;3;-2;-2
CH;Switzerland;;;;;;ChIJYW1Zb-9kjEcRFXvLDxG1Vlw;04.09.2022;14;29;111;18;5;-3
CH;Switzerland;;;;;;ChIJYW1Zb-9kjEcRFXvLDxG1Vlw;05.09.2022;-5;12;100;1;-14;1
CH;Switzerland;;;;;;ChIJYW1Zb-9kjEcRFXvLDxG1Vlw;06.09.2022;-5;13;94;1;-13;1
CH;Switzerland;;;;;;ChIJYW1Zb-9kjEcRFXvLDxG1Vlw;07.09.2022;-6;13;73;0;-13;1
CH;Switzerland;;;;;;ChIJYW1Zb-9kjEcRFXvLDxG1Vlw;08.09.2022;-7;10;72;-3;-18;2
CH;Switzerland;;;;;;ChIJYW1Zb-9kjEcRFXvLDxG1Vlw;09.09.2022;-8;12;79;-4;-17;2
CH;Switzerland;;;;;;ChIJYW1Zb-9kjEcRFXvLDxG1Vlw;10.09.2022;-7;6;59;2;-3;-2
CH;Switzerland;;;;;;ChIJYW1Zb-9kjEcRFXvLDxG1Vlw;11.09.2022;9;27;103;16;5;-3
CH;Switzerland;;;;;;ChIJYW1Zb-9kjEcRFXvLDxG1Vlw;12.09.2022;-5;12;108;1;-14;1
CH;Switzerland;;;;;;ChIJYW1Zb-9kjEcRFXvLDxG1Vlw;13.09.2022;-5;13;120;3;-12;1
CH;Switzerland;;;;;;ChIJYW1Zb-9kjEcRFXvLDxG1Vlw;14.09.2022;-8;12;59;-3;-13;2
CH;Switzerland;;;;;;ChIJYW1Zb-9kjEcRFXvLDxG1Vlw;15.09.2022;-9;11;41;-4;-14;2
CH;Switzerland;;;;;;ChIJYW1Zb-9kjEcRFXvLDxG1Vlw;16.09.2022;-7;12;61;-4;-15;2
CH;Switzerland;;;;;;ChIJYW1Zb-9kjEcRFXvLDxG1Vlw;17.09.2022;-6;9;44;0;-2;-1
CH;Switzerland;;;;;;ChIJYW1Zb-9kjEcRFXvLDxG1Vlw;18.09.2022;3;24;86;9;1;-1
CH;Switzerland;;;;;;ChIJYW1Zb-9kjEcRFXvLDxG1Vlw;19.09.2022;-10;3;88;-4;-21;4
CH;Switzerland;;;;;;ChIJYW1Zb-9kjEcRFXvLDxG1Vlw;20.09.2022;-4;16;98;3;-11;1
CH;Switzerland;;;;;;ChIJYW1Zb-9kjEcRFXvLDxG1Vlw;21.09.2022;-6;13;76;1;-12;1
CH;Switzerland;;;;;;ChIJYW1Zb-9kjEcRFXvLDxG1Vlw;22.09.2022;-5;14;82;1;-13;1
CH;Switzerland;;;;;;ChIJYW1Zb-9kjEcRFXvLDxG1Vlw;23.09.2022;-4;14;84;0;-13;1
CH;Switzerland;;;;;;ChIJYW1Zb-9kjEcRFXvLDxG1Vlw;24.09.2022;-7;10;19;-3;-3;0
CH;Switzerland;;;;;;ChIJYW1Zb-9kjEcRFXvLDxG1Vlw;25.09.2022;-9;15;20;-2;0;2
CH;Switzerland;;;;;;ChIJYW1Zb-9kjEcRFXvLDxG1Vlw;26.09.2022;-5;14;52;-3;-13;3
CH;Switzerland;;;;;;ChIJYW1Zb-9kjEcRFXvLDxG1Vlw;27.09.2022;-4;14;50;-1;-12;3
CH;Switzerland;;;;;;ChIJYW1Zb-9kjEcRFXvLDxG1Vlw;28.09.2022;-8;9;15;-5;-13;3
CH;Switzerland;;;;;;ChIJYW1Zb-9kjEcRFXvLDxG1Vlw;29.09.2022;-6;15;23;-4;-13;2
CH;Switzerland;;;;;;ChIJYW1Zb-9kjEcRFXvLDxG1Vlw;30.09.2022;-5;14;43;-3;-14;2
CH;Switzerland;;;;;;ChIJYW1Zb-9kjEcRFXvLDxG1Vlw;01.10.2022;-7;9;9;-4;-3;0
CH;Switzerland;;;;;;ChIJYW1Zb-9kjEcRFXvLDxG1Vlw;02.10.2022;-3;20;52;6;-1;1
CH;Switzerland;;;;;;ChIJYW1Zb-9kjEcRFXvLDxG1Vlw;03.10.2022;-4;12;70;-1;-16;3
CH;Switzerland;;;;;;ChIJYW1Zb-9kjEcRFXvLDxG1Vlw;04.10.2022;-3;14;102;2;-14;2
CH;Switzerland;;;;;;ChIJYW1Zb-9kjEcRFXvLDxG1Vlw;05.10.2022;-5;12;93;1;-15;1
CH;Switzerland;;;;;;ChIJYW1Zb-9kjEcRFXvLDxG1Vlw;06.10.2022;-6;13;81;-2;-15;1
CH;Switzerland;;;;;;ChIJYW1Zb-9kjEcRFXvLDxG1Vlw;07.10.2022;-8;10;79;-4;-16;2
CH;Switzerland;;;;;;ChIJYW1Zb-9kjEcRFXvLDxG1Vlw;08.10.2022;-10;7;27;-7;-5;0
CH;Switzerland;;;;;;ChIJYW1Zb-9kjEcRFXvLDxG1Vlw;09.10.2022;-10;15;47;-1;-4;0
CH;Switzerland;;;;;;ChIJYW1Zb-9kjEcRFXvLDxG1Vlw;10.10.2022;-7;11;72;-6;-18;3
CH;Switzerland;;;;;;ChIJYW1Zb-9kjEcRFXvLDxG1Vlw;11.10.2022;-6;11;97;-3;-17;2
CH;Switzerland;;;;;;ChIJYW1Zb-9kjEcRFXvLDxG1Vlw;12.10.2022;-8;8;68;-7;-18;2
CH;Switzerland;;;;;;ChIJYW1Zb-9kjEcRFXvLDxG1Vlw;13.10.2022;-9;10;55;-8;-19;3
CH;Switzerland;;;;;;ChIJYW1Zb-9kjEcRFXvLDxG1Vlw;14.10.2022;-9;9;35;-9;-19;4
CH;Switzerland;;;;;;ChIJYW1Zb-9kjEcRFXvLDxG1Vlw;15.10.2022;-9;8;47;-2;-4;-1
